3322.222222222222,0.0,0.0,0.0,0.0,0.0,0.0
12555.555555555555,0.0,0.0,92.33333333333333,0.0,0.0,18.466666666666665
12555.555555555555,244.44444444444443,0.0,94.77777777777777,0.0,0.0,18.955555555555552
3322.222222222222,244.44444444444443,0.0,187.1111111111111,0.0,0.0,37.42222222222222
3322.222222222222,488.88888888888886,0.0,189.55555555555554,0.0,0.0,37.911111111111104
12555.555555555555,488.88888888888886,0.0,281.88888888888886,0.0,0.0,56.377777777777766
12555.555555555555,733.3333333333333,0.0,284.3333333333333,0.0,0.0,56.86666666666665
3322.222222222222,733.3333333333333,0.0,376.66666666666663,0.0,0.0,75.33333333333331
3322.222222222222,977.7777777777777,0.0,379.1111111111111,0.0,0.0,75.82222222222221
12555.555555555555,977.7777777777777,0.0,471.4444444444444,0.0,0.0,94.28888888888888
12555.555555555555,1222.2222222222222,0.0,473.88888888888886,0.0,0.0,94.77777777777777
3322.222222222222,1222.2222222222222,0.0,566.2222222222222,0.0,0.0,113.24444444444444
3322.222222222222,1466.6666666666665,0.0,568.6666666666666,0.0,0.0,113.73333333333333
4633.333333333333,1466.6666666666665,0.0,581.7777777777777,0.0,0.0,116.35555555555555
4644.444444444444,1466.6666666666665,0.0,581.7777777777777,0.0,0.0,116.37777777777778
7877.777777777777,1466.6666666666665,0.0,581.7777777777777,0.0,0.0,122.84444444444445
7888.888888888889,1466.6666666666665,0.0,581.7777777777777,0.11111111111111313,0.0,122.86666666666667
8000.0,1466.6666666666665,0.0,581.7777777777777,1.2222222222222263,0.0,123.0888888888889
8011.11111111111,1466.6666666666665,0.0,581.7777777777777,1.2222222222222263,0.0,123.11111111111113
11233.333333333332,1466.6666666666665,0.0,581.7777777777777,1.2222222222222263,0.0,129.55555555555557
11244.444444444443,1466.6666666666665,0.0,581.8888888888888,1.2222222222222263,0.0,129.57777777777778
12555.555555555555,1466.6666666666665,0.0,594.9999999999999,1.2222222222222263,0.0,132.20000000000002
12555.555555555555,1711.111111111111,0.0,597.4444444444443,1.2222222222222263,0.0,132.6888888888889
11244.444444444443,1711.111111111111,0.0,610.5555555555554,1.2222222222222263,0.0,135.31111111111113
11233.333333333332,1711.111111111111,0.0,610.5555555555554,1.2222222222222263,0.0,135.33333333333334
8100.0,1711.111111111111,0.0,610.5555555555554,1.2222222222222263,0.0,141.6
8088.888888888889,1711.111111111111,0.0,610.5555555555554,1.3333333333333395,0.0,141.6222222222222
7788.888888888889,1711.111111111111,0.0,610.5555555555554,4.333333333333339,0.0,142.2222222222222
7777.777777777777,1711.111111111111,0.0,610.5555555555554,4.333333333333339,0.0,142.2444444444444
4644.444444444444,1711.111111111111,0.0,610.5555555555554,4.333333333333339,0.0,148.51111111111106
4633.333333333333,1711.111111111111,0.0,610.6666666666665,4.333333333333339,0.0,148.53333333333327
3322.222222222222,1711.111111111111,0.0,623.7777777777776,4.333333333333339,0.0,151.1555555555555
3322.222222222222,1955.5555555555554,0.0,626.2222222222221,4.333333333333339,0.0,151.6444444444444
4633.333333333333,1955.5555555555554,0.0,639.3333333333331,4.333333333333339,0.0,154.26666666666662
4644.444444444444,1955.5555555555554,0.0,639.3333333333331,4.333333333333339,0.0,154.28888888888883
7688.888888888889,1955.5555555555554,0.0,639.3333333333331,4.333333333333339,0.0,160.37777777777774
7700.0,1955.5555555555554,0.0,639.3333333333331,4.444444444444453,0.0,160.39999999999995
8188.888888888889,1955.5555555555554,0.0,639.3333333333331,9.33333333333334,0.0,161.37777777777774
8200.0,1955.5555555555554,0.0,639.3333333333331,9.33333333333334,0.0,161.39999999999995
11233.333333333332,1955.5555555555554,0.0,639.3333333333331,9.33333333333334,0.0,167.4666666666666
11244.444444444443,1955.5555555555554,0.0,639.4444444444442,9.33333333333334,0.0,167.48888888888882
12555.555555555555,1955.5555555555554,0.0,652.5555555555553,9.33333333333334,0.0,170.11111111111106
12555.555555555555,2200.0,0.0,654.9999999999998,9.33333333333334,0.0,170.59999999999994
11244.444444444443,2200.0,0.0,668.1111111111109,9.33333333333334,0.0,173.22222222222217
11233.333333333332,2200.0,0.0,668.1111111111109,9.33333333333334,0.0,173.24444444444438
8288.888888888889,2200.0,0.0,668.1111111111109,9.33333333333334,0.0,179.13333333333327
8277.777777777777,2200.0,0.0,668.1111111111109,9.444444444444452,0.0,179.15555555555548
7600.0,2200.0,0.0,668.1111111111109,16.222222222222225,0.0,180.51111111111103
7588.888888888889,2200.0,0.0,668.1111111111109,16.222222222222225,0.0,180.53333333333325
4644.444444444444,2200.0,0.0,668.1111111111109,16.222222222222225,0.0,186.42222222222213
4633.333333333333,2200.0,0.0,668.222222222222,16.222222222222225,0.0,186.44444444444434
3322.222222222222,2200.0,0.0,681.333333333333,16.222222222222225,0.0,189.06666666666658
3322.222222222222,2444.4444444444443,0.0,683.7777777777775,16.222222222222225,0.0,189.55555555555546
4633.333333333333,2444.4444444444443,0.0,696.8888888888886,16.222222222222225,0.0,192.1777777777777
4644.444444444444,2444.4444444444443,0.0,696.8888888888886,16.222222222222225,0.0,192.1999999999999
7500.0,2444.4444444444443,0.0,696.8888888888886,16.222222222222225,0.0,197.911111111111
7511.11111111111,2444.4444444444443,0.0,696.8888888888886,16.33333333333333,0.0,197.93333333333322
8377.777777777777,2444.4444444444443,0.0,696.8888888888886,25.0,0.0,199.66666666666654
8388.888888888889,2444.4444444444443,0.0,696.8888888888886,25.0,0.0,199.68888888888875
11233.333333333332,2444.4444444444443,0.0,696.8888888888886,25.0,0.0,205.37777777777765
11244.444444444443,2444.4444444444443,0.0,696.9999999999997,25.0,0.0,205.39999999999986
12555.555555555555,2444.4444444444443,0.0,710.1111111111107,25.0,0.0,208.0222222222221
12555.555555555555,2688.8888888888887,0.0,712.5555555555552,25.0,0.0,208.51111111111098
9922.222222222223,2688.8888888888887,0.0,738.8888888888886,25.0,0.0,213.77777777777763
9911.111111111111,2688.8888888888887,0.0,738.8888888888886,25.0,0.0,213.79999999999984
8477.777777777777,2688.8888888888887,0.0,738.8888888888886,25.0,0.0,216.66666666666652
8466.666666666666,2688.8888888888887,0.0,738.8888888888886,25.111111111111114,0.0,216.68888888888873
7411.11111111111,2688.8888888888887,0.0,738.8888888888886,35.66666666666667,0.0,218.79999999999984
7400.0,2688.8888888888887,0.0,738.8888888888886,35.66666666666667,0.0,218.82222222222205
5966.666666666666,2688.8888888888887,0.0,738.8888888888886,35.66666666666667,0.0,221.68888888888873
5955.555555555556,2688.8888888888887,0.0,738.9999999999997,35.66666666666667,0.0,221.71111111111094
3322.222222222222,2688.8888888888887,0.0,765.333333333333,35.66666666666667,0.0,226.97777777777762
3322.222222222222,2933.333333333333,0.0,767.7777777777775,35.66666666666667,0.0,227.4666666666665
5866.666666666666,2933.333333333333,0.0,793.222222222222,35.66666666666667,0.0,232.55555555555537
5877.777777777777,2933.333333333333,0.0,793.222222222222,35.66666666666667,0.0,232.57777777777758
7311.11111111111,2933.333333333333,0.0,793.222222222222,35.66666666666667,0.0,235.44444444444426
7322.222222222222,2933.333333333333,0.0,793.222222222222,35.777777777777786,0.0,235.46666666666647
8566.666666666666,2933.333333333333,0.0,793.222222222222,48.22222222222223,0.0,237.95555555555535
8577.777777777777,2933.333333333333,0.0,793.222222222222,48.22222222222223,0.0,237.97777777777756
10011.111111111111,2933.333333333333,0.0,793.222222222222,48.22222222222223,0.0,240.84444444444424
10022.222222222223,2933.333333333333,0.0,793.333333333333,48.22222222222223,0.0,240.86666666666645
12555.555555555555,2933.333333333333,0.0,818.6666666666664,48.22222222222223,0.0,245.9333333333331
12555.555555555555,3177.777777777778,0.0,821.1111111111109,48.22222222222223,0.0,246.422222222222
10111.111111111111,3177.777777777778,0.0,845.5555555555553,48.22222222222223,0.0,251.31111111111088
10100.0,3177.777777777778,0.0,845.5555555555553,48.22222222222223,0.0,251.3333333333331
8666.666666666666,3177.777777777778,0.0,845.5555555555553,48.22222222222223,0.0,254.19999999999976
8655.555555555555,3177.777777777778,0.0,845.5555555555553,48.33333333333334,0.0,254.22222222222197
7222.222222222222,3177.777777777778,0.0,845.5555555555553,62.66666666666667,0.0,257.0888888888886
7211.11111111111,3177.777777777778,0.0,845.5555555555553,62.66666666666667,0.0,257.11111111111086
5777.777777777777,3177.777777777778,0.0,845.5555555555553,62.66666666666667,0.0,259.97777777777753
5766.666666666666,3177.777777777778,0.0,845.6666666666664,62.66666666666667,0.0,259.9999999999998
3322.222222222222,3177.777777777778,0.0,870.1111111111109,62.66666666666667,0.0,264.8888888888887
3322.222222222222,3422.222222222222,0.0,872.5555555555553,62.66666666666667,0.0,265.37777777777757
5677.777777777777,3422.222222222222,0.0,896.1111111111109,62.66666666666667,0.0,270.0888888888887
5688.888888888889,3422.222222222222,0.0,896.1111111111109,62.66666666666667,0.0,270.1111111111109
7122.222222222222,3422.222222222222,0.0,896.1111111111109,62.66666666666667,0.0,272.9777777777776
7133.333333333333,3422.222222222222,0.0,896.1111111111109,62.777777777777786,0.0,272.99999999999983
8755.555555555555,3422.222222222222,0.0,896.1111111111109,79.0,0.0,276.2444444444443
8766.666666666666,3422.222222222222,0.0,896.1111111111109,79.0,0.0,276.26666666666654
10200.0,3422.222222222222,0.0,896.1111111111109,79.0,0.0,279.1333333333332
10211.111111111111,3422.222222222222,0.0,896.222222222222,79.0,0.0,279.15555555555545
12555.555555555555,3422.222222222222,0.0,919.6666666666664,79.0,0.0,283.8444444444443
12555.555555555555,3666.6666666666665,0.0,922.1111111111109,79.0,0.0,284.3333333333332
10300.0,3666.6666666666665,0.0,944.6666666666664,79.0,0.0,288.8444444444443
10288.888888888889,3666.6666666666665,0.0,944.6666666666664,79.0,0.0,288.86666666666656
8855.555555555555,3666.6666666666665,0.0,944.6666666666664,79.0,0.0,291.73333333333323
8844.444444444443,3666.6666666666665,0.0,944.6666666666664,79.11111111111111,0.0,291.7555555555555
7033.333333333333,3666.6666666666665,0.0,944.6666666666664,97.22222222222221,0.0,295.3777777777777
7022.222222222222,3666.6666666666665,0.0,944.6666666666664,97.22222222222221,0.0,295.3999999999999
5588.888888888889,3666.6666666666665,0.0,944.6666666666664,97.22222222222221,0.0,298.2666666666666
5577.777777777777,3666.6666666666665,0.0,944.7777777777775,97.22222222222221,0.0,298.28888888888883
3322.222222222222,3666.6666666666665,0.0,967.333333333333,97.22222222222221,0.0,302.79999999999995
3322.222222222222,3911.111111111111,0.0,969.7777777777775,97.22222222222221,0.0,303.28888888888883
5477.777777777777,3911.111111111111,0.0,991.333333333333,97.22222222222221,0.0,307.59999999999997
5488.888888888889,3911.111111111111,0.0,991.333333333333,97.22222222222221,0.0,307.6222222222222
6933.333333333333,3911.111111111111,0.0,991.333333333333,97.22222222222221,0.0,310.5111111111111
6944.444444444444,3911.111111111111,0.0,991.333333333333,97.33333333333333,0.0,310.53333333333336
8944.444444444443,3911.111111111111,0.0,991.333333333333,117.33333333333331,0.0,314.53333333333336
8955.555555555555,3911.111111111111,0.0,991.333333333333,117.33333333333331,0.0,314.5555555555556
10388.888888888889,3911.111111111111,0.0,991.333333333333,117.33333333333331,0.0,317.4222222222223
10400.0,3911.111111111111,0.0,991.4444444444441,117.33333333333331,0.0,317.4444444444445
12555.555555555555,3911.111111111111,0.0,1012.9999999999997,117.33333333333331,0.0,319.6000000000001
11855.555555555555,4155.555555555556,0.0,1020.4145336092009,117.33333333333331,0.0,321.08290672184035
10488.888888888889,4155.555555555556,0.0,1034.0812002758676,117.33333333333331,0.0,323.8162400551737
10477.777777777777,4155.555555555556,0.0,1034.0812002758676,117.33333333333331,0.0,323.83846227739593
9044.444444444443,4155.555555555556,0.0,1034.0812002758676,117.33333333333331,0.0,326.7051289440626
9033.333333333332,4155.555555555556,0.0,1034.0812002758676,117.44444444444443,0.0,326.72735116628485
6844.444444444444,4155.555555555556,0.0,1034.0812002758676,139.33333333333331,0.0,331.10512894406264
6833.333333333333,4155.555555555556,0.0,1034.0812002758676,139.33333333333331,0.0,331.1273511662849
5400.0,4155.555555555556,0.0,1034.0812002758676,139.33333333333331,0.0,333.99401783295156
5388.888888888889,4155.555555555556,0.0,1034.1923113869786,139.33333333333331,0.0,334.0162400551738
4022.222222222222,4155.555555555556,0.0,1047.8589780536454,139.33333333333331,0.0,336.74957338850714
3933.333333333333,4400.0,0.0,1050.4600224782498,139.33333333333331,0.0,337.269782273428
5288.888888888889,4400.0,0.0,1064.0155780338055,139.33333333333331,0.0,339.9808933845391
5300.0,4400.0,0.0,1064.0155780338055,139.33333333333331,0.0,340.00311560676136
6744.444444444444,4400.0,0.0,1064.0155780338055,139.33333333333331,0.0,342.89200449565027
6755.555555555556,4400.0,0.0,1064.0155780338055,139.44444444444443,0.0,342.9142267178725
9133.333333333332,4400.0,0.0,1064.0155780338055,163.2222222222222,0.0,347.66978227342804
9144.444444444443,4400.0,0.0,1064.0155780338055,163.2222222222222,0.0,347.6920044956503
10577.777777777777,4400.0,0.0,1064.0155780338055,163.2222222222222,0.0,350.55867116231695
10588.888888888889,4400.0,0.0,1064.1266891449166,163.2222222222222,0.0,350.5808933845392
11944.444444444443,4400.0,0.0,1077.6822447004722,163.2222222222222,0.0,353.2920044956503
12033.333333333332,4644.444444444444,0.0,1080.2832891250766,163.2222222222222,0.0,353.81221338057117
10677.777777777777,4644.444444444444,0.0,1093.8388446806323,163.2222222222222,0.0,356.5233244916823
10666.666666666666,4644.444444444444,0.0,1093.8388446806323,163.2222222222222,0.0,356.5455467139045
9233.333333333332,4644.444444444444,0.0,1093.8388446806323,163.2222222222222,0.0,359.4122133805712
9222.222222222223,4644.444444444444,0.0,1093.8388446806323,163.3333333333333,0.0,359.4344356027934
6655.555555555556,4644.444444444444,0.0,1093.8388446806323,188.99999999999994,0.0,364.56776893612675
6644.444444444444,4644.444444444444,0.0,1093.8388446806323,188.99999999999994,0.0,364.589991158349
5211.111111111111,4644.444444444444,0.0,1093.8388446806323,188.99999999999994,0.0,367.45665782501567
5200.0,4644.444444444444,0.0,1093.9499557917434,188.99999999999994,0.0,367.4788800472379
3844.4444444444443,4644.444444444444,0.0,1107.505511347299,188.99999999999994,0.0,370.189991158349
3755.555555555555,4888.888888888889,0.0,1110.1065557719035,188.99999999999994,0.0,370.7102000432699
5100.0,4888.888888888889,0.0,1123.5510002163478,188.99999999999994,0.0,373.39908893215875
5111.111111111111,4888.888888888889,0.0,1123.5510002163478,188.99999999999994,0.0,373.421311154381
6555.555555555556,4888.888888888889,0.0,1123.5510002163478,188.99999999999994,0.0,376.3102000432699
6566.666666666666,4888.888888888889,0.0,1123.5510002163478,189.11111111111106,0.0,376.33242226549214
9322.222222222223,4888.888888888889,0.0,1123.5510002163478,216.66666666666663,0.0,381.84353337660326
9333.333333333332,4888.888888888889,0.0,1123.5510002163478,216.66666666666663,0.0,381.8657555988255
10766.666666666666,4888.888888888889,0.0,1123.5510002163478,216.66666666666663,0.0,384.7324222654922
10777.777777777777,4888.888888888889,0.0,1123.662111327459,216.66666666666663,0.0,384.7546444877144
12133.333333333332,4888.888888888889,0.0,1137.2176668830145,216.66666666666663,0.0,387.4657555988255
12222.222222222223,5133.333333333333,0.0,1139.818711307619,216.66666666666663,0.0,387.9859644837464
10877.777777777777,5133.333333333333,0.0,1153.2631557520633,216.66666666666663,0.0,390.67485337263525
10866.666666666666,5133.333333333333,0.0,1153.2631557520633,216.66666666666663,0.0,390.6970755948575
9422.222222222223,5133.333333333333,0.0,1153.2631557520633,216.66666666666663,0.0,393.5859644837464
9411.111111111111,5133.333333333333,0.0,1153.2631557520633,216.77777777777774,0.0,393.60818670596865
8000.0,5133.333333333333,0.0,1153.2631557520633,230.88888888888886,0.0,396.43040892819084
7988.888888888889,5133.333333333333,0.0,1153.2631557520633,230.88888888888886,0.0,396.4526311504131
7933.333333333333,5133.333333333333,0.0,1153.2631557520633,230.88888888888886,0.0,396.56374226152417
7922.222222222222,5133.333333333333,0.0,1153.2631557520633,230.99999999999997,0.0,396.5859644837464
6466.666666666666,5133.333333333333,0.0,1153.2631557520633,245.55555555555554,0.0,399.4970755948575
6455.555555555556,5133.333333333333,0.0,1153.2631557520633,245.55555555555554,0.0,399.51929781707975
5022.222222222222,5133.333333333333,0.0,1153.2631557520633,245.55555555555554,0.0,402.3859644837464
5011.111111111111,5133.333333333333,0.0,1153.3742668631744,245.55555555555554,0.0,402.40818670596866
3655.555555555555,5133.333333333333,0.0,1166.92982241873,245.55555555555554,0.0,405.11929781707977
3566.6666666666665,5377.777777777777,0.0,1169.5308668433345,245.55555555555554,0.0,405.63950670200063
4911.111111111111,5377.777777777777,0.0,1182.9753112877788,245.55555555555554,0.0,408.3283955908895
4922.222222222222,5377.777777777777,0.0,1182.9753112877788,245.55555555555554,0.0,408.35061781311174
6366.666666666666,5377.777777777777,0.0,1182.9753112877788,245.55555555555554,0.0,411.23950670200065
6377.777777777777,5377.777777777777,0.0,1182.9753112877788,245.66666666666666,0.0,411.2617289242229
7822.222222222222,5377.777777777777,0.0,1182.9753112877788,260.1111111111111,0.0,414.1506178131118
7833.333333333333,5377.777777777777,0.0,1182.9753112877788,260.1111111111111,0.0,414.17284003533405
8077.777777777777,5377.777777777777,0.0,1182.9753112877788,260.1111111111111,0.0,414.6617289242229
8088.888888888889,5377.777777777777,0.0,1182.9753112877788,260.2222222222222,0.0,414.68395114644517
9511.111111111111,5377.777777777777,0.0,1182.9753112877788,274.4444444444444,0.0,417.5283955908896
9522.222222222223,5377.777777777777,0.0,1182.9753112877788,274.4444444444444,0.0,417.55061781311184
10955.555555555555,5377.777777777777,0.0,1182.9753112877788,274.4444444444444,0.0,420.4172844797785
10966.666666666666,5377.777777777777,0.0,1183.08642239889,274.4444444444444,0.0,420.43950670200076
12311.111111111111,5377.777777777777,0.0,1196.5308668433343,274.4444444444444,0.0,423.1283955908896
12400.0,5622.222222222222,0.0,1199.1319112679387,274.4444444444444,0.0,423.6486044758105
11066.666666666666,5622.222222222222,0.0,1212.465244601272,274.4444444444444,0.0,426.3152711424772
11055.555555555555,5622.222222222222,0.0,1212.465244601272,274.4444444444444,0.0,426.3374933646994
9611.111111111111,5622.222222222222,0.0,1212.465244601272,274.4444444444444,0.0,429.2263822535883
9600.0,5622.222222222222,0.0,1212.465244601272,274.5555555555555,0.0,429.24860447581057
8177.777777777777,5622.222222222222,0.0,1212.465244601272,288.7777777777777,0.0,432.093048920255
8166.666666666666,5622.222222222222,0.0,1212.465244601272,288.7777777777777,0.0,432.11527114247724
7744.444444444444,5622.222222222222,0.0,1212.465244601272,288.7777777777777,0.0,432.9597155869217
7733.333333333333,5622.222222222222,0.0,1212.465244601272,288.8888888888888,0.0,432.9819378091439
6277.777777777777,5622.222222222222,0.0,1212.465244601272,303.44444444444434,0.0,435.893048920255
6266.666666666666,5622.222222222222,0.0,1212.465244601272,303.44444444444434,0.0,435.91527114247725
4833.333333333333,5622.222222222222,0.0,1212.465244601272,303.44444444444434,0.0,438.7819378091439
4822.222222222222,5622.222222222222,0.0,1212.576355712383,303.44444444444434,0.0,438.80416003136617
3477.777777777778,5622.222222222222,0.0,1226.0208001568274,303.44444444444434,0.0,441.49304892025503
3388.8888888888887,5866.666666666666,0.0,1228.6218445814318,303.44444444444434,0.0,442.0132578051759
4722.222222222222,5866.666666666666,0.0,1241.955177914765,303.44444444444434,0.0,444.6799244718426
4733.333333333333,5866.666666666666,0.0,1241.955177914765,303.44444444444434,0.0,444.7021466940648
6177.777777777777,5866.666666666666,0.0,1241.955177914765,303.44444444444434,0.0,447.59103558295374
6188.888888888889,5866.666666666666,0.0,1241.955177914765,303.55555555555543,0.0,447.613257805176
7633.333333333333,5866.666666666666,0.0,1241.955177914765,317.9999999999999,0.0,450.5021466940649
7644.444444444444,5866.666666666666,0.0,1241.955177914765,317.9999999999999,0.0,450.52436891628713
8266.666666666666,5866.666666666666,0.0,1241.955177914765,317.9999999999999,0.0,451.7688133607316
8277.777777777777,5866.666666666666,0.0,1241.955177914765,318.111111111111,0.0,451.79103558295384
9700.0,5866.666666666666,0.0,1241.955177914765,332.3333333333332,0.0,454.6354800273983
9711.111111111111,5866.666666666666,0.0,1241.955177914765,332.3333333333332,0.0,454.6577022496205
11144.444444444443,5866.666666666666,0.0,1241.955177914765,332.3333333333332,0.0,457.5243689162872
11155.555555555555,5866.666666666666,0.0,1242.0662890258761,332.3333333333332,0.0,457.5465911385094
12500.0,5866.666666666666,0.0,1255.5107334703205,332.3333333333332,0.0,460.2354800273983
12588.888888888889,6111.111111111111,0.0,1258.111777894925,332.3333333333332,0.0,460.75568891231916
11255.555555555555,6111.111111111111,0.0,1271.4451112282582,332.3333333333332,0.0,463.42235557898584
11244.444444444443,6111.111111111111,0.0,1271.4451112282582,332.3333333333332,0.0,463.4445778012081
9800.0,6111.111111111111,0.0,1271.4451112282582,332.3333333333332,0.0,466.333466690097
9788.888888888889,6111.111111111111,0.0,1271.4451112282582,332.4444444444443,0.0,466.35568891231924
8366.666666666666,6111.111111111111,0.0,1271.4451112282582,346.6666666666665,0.0,469.2001333567637
8355.555555555555,6111.111111111111,0.0,1271.4451112282582,346.6666666666665,0.0,469.2223555789859
7555.555555555556,6111.111111111111,0.0,1271.4451112282582,346.6666666666665,0.0,470.82235557898593
7544.444444444444,6111.111111111111,0.0,1271.4451112282582,346.7777777777776,0.0,470.8445778012082
6088.888888888889,6111.111111111111,0.0,1271.4451112282582,361.33333333333314,0.0,473.7556889123193
6077.777777777777,6111.111111111111,0.0,1271.4451112282582,361.33333333333314,0.0,473.7779111345415
4633.333333333333,6111.111111111111,0.0,1271.4451112282582,361.33333333333314,0.0,476.6668000234304
4622.222222222222,6111.111111111111,0.0,1271.5562223393692,361.33333333333314,0.0,476.68902224565267
3288.8888888888887,6111.111111111111,0.0,1284.8895556727025,361.33333333333314,0.0,479.35568891231935
3200.0,6355.555555555556,0.0,1287.490600097307,361.33333333333314,0.0,479.8758977972402
4533.333333333333,6355.555555555556,0.0,1300.8239334306402,361.33333333333314,0.0,482.5425644639069
4544.444444444444,6355.555555555556,0.0,1300.8239334306402,361.33333333333314,0.0,482.56478668612914
5988.888888888889,6355.555555555556,0.0,1300.8239334306402,361.33333333333314,0.0,485.45367557501805
6000.0,6355.555555555556,0.0,1300.8239334306402,361.44444444444423,0.0,485.4758977972403
7444.444444444444,6355.555555555556,0.0,1300.8239334306402,375.8888888888887,0.0,488.3647866861292
7455.555555555556,6355.555555555556,0.0,1300.8239334306402,375.8888888888887,0.0,488.38700890835145
8444.444444444443,6355.555555555556,0.0,1300.8239334306402,375.8888888888887,0.0,490.3647866861292
8455.555555555555,6355.555555555556,0.0,1300.8239334306402,375.9999999999998,0.0,490.38700890835145
9888.888888888889,6355.555555555556,0.0,1300.8239334306402,390.3333333333331,0.0,493.2536755750181
9900.0,6355.555555555556,0.0,1300.8239334306402,390.3333333333331,0.0,493.27589779724036
11333.333333333332,6355.555555555556,0.0,1300.8239334306402,390.3333333333331,0.0,496.14256446390704
11344.444444444443,6355.555555555556,0.0,1300.9350445417513,390.3333333333331,0.0,496.1647866861293
12677.777777777777,6355.555555555556,0.0,1314.2683778750845,390.3333333333331,0.0,498.83145335279596
12766.666666666666,6600.0,0.0,1316.869422299689,390.3333333333331,0.0,499.3516622377168
11444.444444444443,6600.0,0.0,1330.0916445219111,390.3333333333331,0.0,501.99610668216127
11433.333333333332,6600.0,0.0,1330.0916445219111,390.3333333333331,0.0,502.0183289043835
9988.888888888889,6600.0,0.0,1330.0916445219111,390.3333333333331,0.0,504.9072177932724
9977.777777777777,6600.0,0.0,1330.0916445219111,390.4444444444442,0.0,504.92944001549466
8555.555555555555,6600.0,0.0,1330.0916445219111,404.6666666666664,0.0,507.7738844599391
8544.444444444443,6600.0,0.0,1330.0916445219111,404.6666666666664,0.0,507.79610668216134
7355.555555555556,6600.0,0.0,1330.0916445219111,404.6666666666664,0.0,510.17388445993913
7344.444444444444,6600.0,0.0,1330.0916445219111,404.7777777777775,0.0,510.19610668216137
5900.0,6600.0,0.0,1330.0916445219111,419.22222222222194,0.0,513.0849955710503
5888.888888888889,6600.0,0.0,1330.0916445219111,419.22222222222194,0.0,513.1072177932725
4444.444444444444,6600.0,0.0,1330.0916445219111,419.22222222222194,0.0,515.9961066821614
4433.333333333333,6600.0,0.0,1330.2027556330222,419.22222222222194,0.0,516.0183289043837
3111.111111111111,6600.0,0.0,1343.4249778552444,419.22222222222194,0.0,518.6627733488281
3022.222222222222,6844.444444444444,0.0,1346.0260222798488,419.22222222222194,0.0,519.1829822337489
4344.444444444444,6844.444444444444,0.0,1359.248244502071,419.22222222222194,0.0,521.8274266781933
4355.555555555556,6844.444444444444,0.0,1359.248244502071,419.22222222222194,0.0,521.8496489004156
5800.0,6844.444444444444,0.0,1359.248244502071,419.22222222222194,0.0,524.7385377893045
5811.111111111111,6844.444444444444,0.0,1359.248244502071,419.33333333333303,0.0,524.7607600115267
7255.555555555556,6844.444444444444,0.0,1359.248244502071,433.7777777777775,0.0,527.6496489004156
7266.666666666666,6844.444444444444,0.0,1359.248244502071,433.7777777777775,0.0,527.6718711226379
8633.333333333332,6844.444444444444,0.0,1359.248244502071,433.7777777777775,0.0,530.4052044559712
8644.444444444443,6844.444444444444,0.0,1359.248244502071,433.8888888888886,0.0,530.4274266781935
10077.777777777777,6844.444444444444,0.0,1359.248244502071,448.2222222222219,0.0,533.2940933448601
10088.888888888889,6844.444444444444,0.0,1359.248244502071,448.2222222222219,0.0,533.3163155670824
11533.333333333332,6844.444444444444,0.0,1359.248244502071,448.2222222222219,0.0,536.2052044559713
11544.444444444443,6844.444444444444,0.0,1359.359355613182,448.2222222222219,0.0,536.2274266781935
12866.666666666666,6844.444444444444,0.0,1372.5815778354042,448.2222222222219,0.0,538.8718711226379
12955.555555555555,7088.888888888889,0.0,1375.1826222600087,448.2222222222219,0.0,539.3920800075588
11633.333333333332,7088.888888888889,0.0,1388.4048444822308,448.2222222222219,0.0,542.0365244520032
11622.222222222223,7088.888888888889,0.0,1388.4048444822308,448.2222222222219,0.0,542.0587466742254
10177.777777777777,7088.888888888889,0.0,1388.4048444822308,448.2222222222219,0.0,544.9476355631143
10166.666666666666,7088.888888888889,0.0,1388.4048444822308,448.333333333333,0.0,544.9698577853366
8733.333333333332,7088.888888888889,0.0,1388.4048444822308,462.6666666666663,0.0,547.8365244520032
8722.222222222223,7088.888888888889,0.0,1388.4048444822308,462.6666666666663,0.0,547.8587466742255
7166.666666666666,7088.888888888889,0.0,1388.4048444822308,462.6666666666663,0.0,550.9698577853366
7155.555555555556,7088.888888888889,0.0,1388.4048444822308,462.7777777777774,0.0,550.9920800075588
5711.111111111111,7088.888888888889,0.0,1388.4048444822308,477.22222222222183,0.0,553.8809688964477
5700.0,7088.888888888889,0.0,1388.4048444822308,477.22222222222183,0.0,553.90319111867
4255.555555555556,7088.888888888889,0.0,1388.4048444822308,477.22222222222183,0.0,556.7920800075589
4244.444444444444,7088.888888888889,0.0,1388.515955593342,477.22222222222183,0.0,556.8143022297811
2933.333333333333,7088.888888888889,0.0,1401.627066704453,477.22222222222183,0.0,559.4365244520034
2833.333333333333,7333.333333333333,0.0,1404.268147665343,477.22222222222183,0.0,559.9647406441813
4155.555555555556,7333.333333333333,0.0,1417.490369887565,477.22222222222183,0.0,562.6091850886257
4166.666666666667,7333.333333333333,0.0,1417.490369887565,477.22222222222183,0.0,562.631407310848
5611.111111111111,7333.333333333333,0.0,1417.490369887565,477.22222222222183,0.0,565.5202961997369
5622.222222222222,7333.333333333333,0.0,1417.490369887565,477.3333333333329,0.0,565.5425184219591
7066.666666666666,7333.333333333333,0.0,1417.490369887565,491.7777777777774,0.0,568.431407310848
7077.777777777777,7333.333333333333,0.0,1417.490369887565,491.7777777777774,0.0,568.4536295330703
8822.222222222223,7333.333333333333,0.0,1417.490369887565,491.7777777777774,0.0,571.9425184219592
8833.333333333332,7333.333333333333,0.0,1417.490369887565,491.88888888888846,0.0,571.9647406441815
10266.666666666666,7333.333333333333,0.0,1417.490369887565,506.2222222222218,0.0,574.8314073108481
10277.777777777777,7333.333333333333,0.0,1417.490369887565,506.2222222222218,0.0,574.8536295330704
11722.222222222223,7333.333333333333,0.0,1417.490369887565,506.2222222222218,0.0,577.7425184219593
11733.333333333332,7333.333333333333,0.0,1417.6014809986762,506.2222222222218,0.0,577.7647406441815
13044.444444444443,7333.333333333333,0.0,1430.7125921097872,506.2222222222218,0.0,580.3869628664038
13133.333333333332,7577.777777777777,0.0,1433.3136365343917,506.2222222222218,0.0,580.9071717513247
11822.222222222223,7577.777777777777,0.0,1446.4247476455027,506.2222222222218,0.0,583.5293939735469
11811.111111111111,7577.777777777777,0.0,1446.4247476455027,506.2222222222218,0.0,583.5516161957692
10366.666666666666,7577.777777777777,0.0,1446.4247476455027,506.2222222222218,0.0,586.4405050846581
10355.555555555555,7577.777777777777,0.0,1446.4247476455027,506.33333333333286,0.0,586.4627273068803
8922.222222222223,7577.777777777777,0.0,1446.4247476455027,520.6666666666662,0.0,589.329393973547
8911.111111111111,7577.777777777777,0.0,1446.4247476455027,520.6666666666662,0.0,589.3516161957692
6977.777777777777,7577.777777777777,0.0,1446.4247476455027,520.6666666666662,0.0,593.2182828624359
6966.666666666666,7577.777777777777,0.0,1446.4247476455027,520.7777777777773,0.0,593.2405050846581
5522.222222222222,7577.777777777777,0.0,1446.4247476455027,535.2222222222217,0.0,596.129393973547
5511.111111111111,7577.777777777777,0.0,1446.4247476455027,535.2222222222217,0.0,596.1516161957693
4066.6666666666665,7577.777777777777,0.0,1446.4247476455027,535.2222222222217,0.0,599.0405050846582
4055.555555555555,7577.777777777777,0.0,1446.5358587566138,535.2222222222217,0.0,599.0627273068804
2744.4444444444443,7577.777777777777,0.0,1459.646969867725,535.2222222222217,0.0,601.6849495291027
2655.5555555555557,7822.222222222222,0.0,1462.2480142923293,535.2222222222217,0.0,602.2051584140236
3966.6666666666665,7822.222222222222,0.0,1475.3591254034404,535.2222222222217,0.0,604.8273806362458
3977.777777777778,7822.222222222222,0.0,1475.3591254034404,535.2222222222217,0.0,604.8496028584681
5422.222222222222,7822.222222222222,0.0,1475.3591254034404,535.2222222222217,0.0,607.738491747357
5433.333333333333,7822.222222222222,0.0,1475.3591254034404,535.3333333333328,0.0,607.7607139695792
6877.777777777777,7822.222222222222,0.0,1475.3591254034404,549.7777777777773,0.0,610.6496028584681
6888.888888888889,7822.222222222222,0.0,1475.3591254034404,549.7777777777773,0.0,610.6718250806904
9000.0,7822.222222222222,0.0,1475.3591254034404,549.7777777777773,0.0,614.8940473029126
9011.111111111111,7822.222222222222,0.0,1475.3591254034404,549.8888888888883,0.0,614.9162695251348
10455.555555555555,7822.222222222222,0.0,1475.3591254034404,564.3333333333328,0.0,617.8051584140237
10466.666666666666,7822.222222222222,0.0,1475.3591254034404,564.3333333333328,0.0,617.827380636246
11911.111111111111,7822.222222222222,0.0,1475.3591254034404,564.3333333333328,0.0,620.7162695251349
11922.222222222223,7822.222222222222,0.0,1475.4702365145515,564.3333333333328,0.0,620.7384917473571
13222.222222222223,7822.222222222222,0.0,1488.4702365145515,564.3333333333328,0.0,623.3384917473571
13322.222222222223,8066.666666666666,0.0,1491.1113174754414,564.3333333333328,0.0,623.8667079395351
12011.111111111111,8066.666666666666,0.0,1504.2224285865525,564.3333333333328,0.0,626.4889301617574
12000.0,8066.666666666666,0.0,1504.2224285865525,564.3333333333328,0.0,626.5111523839796
10555.555555555555,8066.666666666666,0.0,1504.2224285865525,564.3333333333328,0.0,629.4000412728685
10544.444444444443,8066.666666666666,0.0,1504.2224285865525,564.4444444444439,0.0,629.4222634950908
9111.111111111111,8066.666666666666,0.0,1504.2224285865525,578.7777777777773,0.0,632.2889301617574
9100.0,8066.666666666666,0.0,1504.2224285865525,578.7777777777773,0.0,632.3111523839797
6788.888888888889,8066.666666666666,0.0,1504.2224285865525,578.7777777777773,0.0,636.9333746062019
6777.777777777777,8066.666666666666,0.0,1504.2224285865525,578.8888888888883,0.0,636.9555968284242
5333.333333333333,8066.666666666666,0.0,1504.2224285865525,593.3333333333328,0.0,639.8444857173131
5322.222222222222,8066.666666666666,0.0,1504.2224285865525,593.3333333333328,0.0,639.8667079395353
3877.777777777778,8066.666666666666,0.0,1504.2224285865525,593.3333333333328,0.0,642.7555968284242
3866.6666666666665,8066.666666666666,0.0,1504.3335396976636,593.3333333333328,0.0,642.7778190506465
2566.6666666666665,8066.666666666666,0.0,1517.3335396976636,593.3333333333328,0.0,645.3778190506465
2466.6666666666665,8311.111111111111,0.0,1519.9746206585535,593.3333333333328,0.0,645.9060352428245
3766.6666666666665,8311.111111111111,0.0,1532.9746206585535,593.3333333333328,0.0,648.5060352428245
3777.777777777778,8311.111111111111,0.0,1532.9746206585535,593.3333333333328,0.0,648.5282574650467
5233.333333333333,8311.111111111111,0.0,1532.9746206585535,593.3333333333328,0.0,651.4393685761579
5244.444444444444,8311.111111111111,0.0,1532.9746206585535,593.4444444444439,0.0,651.4615907983801
6677.777777777777,8311.111111111111,0.0,1532.9746206585535,607.7777777777773,0.0,654.3282574650468
6688.888888888889,8311.111111111111,0.0,1532.9746206585535,607.7777777777773,0.0,654.3504796872691
9188.888888888889,8311.111111111111,0.0,1532.9746206585535,607.7777777777773,0.0,659.3504796872691
9200.0,8311.111111111111,0.0,1532.9746206585535,607.8888888888883,0.0,659.3727019094913
10644.444444444443,8311.111111111111,0.0,1532.9746206585535,622.3333333333328,0.0,662.2615907983802
10655.555555555555,8311.111111111111,0.0,1532.9746206585535,622.3333333333328,0.0,662.2838130206025
12100.0,8311.111111111111,0.0,1532.9746206585535,622.3333333333328,0.0,665.1727019094914
12111.111111111111,8311.111111111111,0.0,1533.0857317696646,622.3333333333328,0.0,665.1949241317136
13411.111111111111,8311.111111111111,0.0,1546.0857317696646,622.3333333333328,0.0,667.7949241317136
13500.0,8555.555555555555,0.0,1548.686776194269,622.3333333333328,0.0,668.3151330166345
12200.0,8555.555555555555,0.0,1561.686776194269,622.3333333333328,0.0,670.9151330166345
12188.888888888889,8555.555555555555,0.0,1561.686776194269,622.3333333333328,0.0,670.9373552388568
10744.444444444443,8555.555555555555,0.0,1561.686776194269,622.3333333333328,0.0,673.8262441277457
10733.333333333332,8555.555555555555,0.0,1561.686776194269,622.4444444444439,0.0,673.8484663499679
5144.444444444444,8555.555555555555,0.0,1561.686776194269,678.3333333333328,0.0,685.0262441277457
5133.333333333333,8555.555555555555,0.0,1561.686776194269,678.3333333333328,0.0,685.048466349968
3688.8888888888887,8555.555555555555,0.0,1561.686776194269,678.3333333333328,0.0,687.9373552388569
3677.777777777778,8555.555555555555,0.0,1561.79788730538,678.3333333333328,0.0,687.9595774610791
2377.777777777778,8555.555555555555,0.0,1574.79788730538,678.3333333333328,0.0,690.5595774610791
2288.8888888888887,8800.0,0.0,1577.3989317299845,678.3333333333328,0.0,691.079786346
3577.777777777778,8800.0,0.0,1590.2878206188734,678.3333333333328,0.0,693.6575641237778
3588.8888888888887,8800.0,0.0,1590.2878206188734,678.3333333333328,0.0,693.679786346
5044.444444444444,8800.0,0.0,1590.2878206188734,678.3333333333328,0.0,696.5908974571112
5055.555555555556,8800.0,0.0,1590.2878206188734,678.4444444444439,0.0,696.6131196793334
10833.333333333332,8800.0,0.0,1590.2878206188734,736.2222222222216,0.0,708.168675234889
10844.444444444443,8800.0,0.0,1590.2878206188734,736.2222222222216,0.0,708.1908974571112
12288.888888888889,8800.0,0.0,1590.2878206188734,736.2222222222216,0.0,711.0797863460001
12300.0,8800.0,0.0,1590.3989317299845,736.2222222222216,0.0,711.1020085682223
13588.888888888889,8800.0,0.0,1603.2878206188734,736.2222222222216,0.0,713.6797863460001
13688.888888888889,9044.444444444443,0.0,1605.9289015797633,736.2222222222216,0.0,714.2080025381781
12400.0,9044.444444444443,0.0,1618.8177904686522,736.2222222222216,0.0,716.7857803159559
12388.888888888889,9044.444444444443,0.0,1618.8177904686522,736.2222222222216,0.0,716.8080025381781
10933.333333333332,9044.444444444443,0.0,1618.8177904686522,736.2222222222216,0.0,719.7191136492893
10922.222222222223,9044.444444444443,0.0,1618.8177904686522,736.3333333333327,0.0,719.7413358715115
4955.555555555556,9044.444444444443,0.0,1618.8177904686522,795.9999999999993,0.0,731.6746692048448
4944.444444444444,9044.444444444443,0.0,1618.8177904686522,795.9999999999993,0.0,731.696891427067
3500.0,9044.444444444443,0.0,1618.8177904686522,795.9999999999993,0.0,734.585780315956
3488.8888888888887,9044.444444444443,0.0,1618.9289015797633,795.9999999999993,0.0,734.6080025381782
2200.0,9044.444444444443,0.0,1631.8177904686522,795.9999999999993,0.0,737.185780315956
2100.0,9288.888888888889,0.0,1634.4588714295421,795.9999999999993,0.0,737.713996508134
3388.8888888888887,9288.888888888889,0.0,1647.347760318431,795.9999999999993,0.0,740.2917742859117
3400.0,9288.888888888889,0.0,1647.347760318431,795.9999999999993,0.0,740.313996508134
4855.555555555556,9288.888888888889,0.0,1647.347760318431,795.9999999999993,0.0,743.2251076192451
4866.666666666666,9288.888888888889,0.0,1647.347760318431,796.1111111111104,0.0,743.2473298414674
11022.222222222223,9288.888888888889,0.0,1647.347760318431,857.666666666666,0.0,755.5584409525785
11033.333333333332,9288.888888888889,0.0,1647.347760318431,857.666666666666,0.0,755.5806631748007
12477.777777777777,9288.888888888889,0.0,1647.347760318431,857.666666666666,0.0,758.4695520636897
12488.888888888889,9288.888888888889,0.0,1647.4588714295421,857.666666666666,0.0,758.4917742859119
13777.777777777777,9288.888888888889,0.0,1660.347760318431,857.666666666666,0.0,761.0695520636897
13866.666666666666,9533.333333333332,0.0,1662.9488047430355,857.666666666666,0.0,761.5897609486105
12588.888888888889,9533.333333333332,0.0,1675.7265825208133,857.666666666666,0.0,764.1453165041661
12577.777777777777,9533.333333333332,0.0,1675.7265825208133,857.666666666666,0.0,764.1675387263883
11122.222222222223,9533.333333333332,0.0,1675.7265825208133,857.666666666666,0.0,767.0786498374995
11111.111111111111,9533.333333333332,0.0,1675.7265825208133,857.777777777777,0.0,767.1008720597217
9688.888888888889,9533.333333333332,0.0,1675.7265825208133,871.9999999999992,0.0,769.9453165041662
9677.777777777777,9533.333333333332,0.0,1675.7265825208133,871.9999999999992,0.0,769.9675387263884
6200.0,9533.333333333332,0.0,1675.7265825208133,871.9999999999992,0.0,776.9230942819439
6188.888888888889,9533.333333333332,0.0,1675.7265825208133,872.1111111111103,0.0,776.9453165041662
4766.666666666666,9533.333333333332,0.0,1675.7265825208133,886.3333333333325,0.0,779.7897609486106
4755.555555555556,9533.333333333332,0.0,1675.7265825208133,886.3333333333325,0.0,779.8119831708328
3311.111111111111,9533.333333333332,0.0,1675.7265825208133,886.3333333333325,0.0,782.7008720597217
3300.0,9533.333333333332,0.0,1675.8376936319244,886.3333333333325,0.0,782.723094281944
2011.111111111111,9533.333333333332,0.0,1688.7265825208133,886.3333333333325,0.0,785.3008720597218
1922.2222222222222,9777.777777777777,0.0,1691.3276269454177,886.3333333333325,0.0,785.8210809446426
3200.0,9777.777777777777,0.0,1704.1054047231955,886.3333333333325,0.0,788.3766365001982
3211.111111111111,9777.777777777777,0.0,1704.1054047231955,886.3333333333325,0.0,788.3988587224204
4666.666666666666,9777.777777777777,0.0,1704.1054047231955,886.3333333333325,0.0,791.3099698335316
4677.777777777777,9777.777777777777,0.0,1704.1054047231955,886.4444444444435,0.0,791.3321920557538
6100.0,9777.777777777777,0.0,1704.1054047231955,900.6666666666657,0.0,794.1766365001982
6111.111111111111,9777.777777777777,0.0,1704.1054047231955,900.6666666666657,0.0,794.1988587224205
9777.777777777777,9777.777777777777,0.0,1704.1054047231955,900.6666666666657,0.0,801.5321920557539
9788.888888888889,9777.777777777777,0.0,1704.1054047231955,900.7777777777768,0.0,801.5544142779761
11211.111111111111,9777.777777777777,0.0,1704.1054047231955,914.999999999999,0.0,804.3988587224205
11222.222222222223,9777.777777777777,0.0,1704.1054047231955,914.999999999999,0.0,804.4210809446428
12666.666666666666,9777.777777777777,0.0,1704.1054047231955,914.999999999999,0.0,807.3099698335317
12677.777777777777,9777.777777777777,0.0,1704.2165158343066,914.999999999999,0.0,807.3321920557539
13955.555555555555,9777.777777777777,0.0,1716.9942936120844,914.999999999999,0.0,809.8877476113095
14055.555555555555,10022.222222222223,0.0,1719.6353745729743,914.999999999999,0.0,810.4159638034874
12777.777777777777,10022.222222222223,0.0,1732.4131523507522,914.999999999999,0.0,812.971519359043
12766.666666666666,10022.222222222223,0.0,1732.4131523507522,914.999999999999,0.0,812.9937415812652
11311.111111111111,10022.222222222223,0.0,1732.4131523507522,914.999999999999,0.0,815.9048526923764
11300.0,10022.222222222223,0.0,1732.4131523507522,915.1111111111101,0.0,815.9270749145986
9877.777777777777,10022.222222222223,0.0,1732.4131523507522,929.3333333333322,0.0,818.771519359043
9866.666666666666,10022.222222222223,0.0,1732.4131523507522,929.3333333333322,0.0,818.7937415812653
6011.111111111111,10022.222222222223,0.0,1732.4131523507522,929.3333333333322,0.0,826.5048526923764
6000.0,10022.222222222223,0.0,1732.4131523507522,929.4444444444433,0.0,826.5270749145986
4577.777777777777,10022.222222222223,0.0,1732.4131523507522,943.6666666666655,0.0,829.3715193590431
4566.666666666666,10022.222222222223,0.0,1732.4131523507522,943.6666666666655,0.0,829.3937415812653
3111.111111111111,10022.222222222223,0.0,1732.4131523507522,943.6666666666655,0.0,832.3048526923765
3100.0,10022.222222222223,0.0,1732.5242634618633,943.6666666666655,0.0,832.3270749145987
1833.3333333333333,10022.222222222223,0.0,1745.19093012853,943.6666666666655,0.0,834.860408247932
1733.3333333333333,10266.666666666666,0.0,1747.83201108942,943.6666666666655,0.0,835.38862444011
3011.111111111111,10266.666666666666,0.0,1760.6097888671977,943.6666666666655,0.0,837.9441799956655
3022.222222222222,10266.666666666666,0.0,1760.6097888671977,943.6666666666655,0.0,837.9664022178878
4477.777777777777,10266.666666666666,0.0,1760.6097888671977,943.6666666666655,0.0,840.8775133289989
4488.888888888889,10266.666666666666,0.0,1760.6097888671977,943.7777777777766,0.0,840.8997355512212
5900.0,10266.666666666666,0.0,1760.6097888671977,957.8888888888877,0.0,843.7219577734434
5911.111111111111,10266.666666666666,0.0,1760.6097888671977,957.8888888888877,0.0,843.7441799956656
9966.666666666666,10266.666666666666,0.0,1760.6097888671977,957.8888888888877,0.0,851.8552911067767
9977.777777777777,10266.666666666666,0.0,1760.6097888671977,957.9999999999987,0.0,851.8775133289989
11400.0,10266.666666666666,0.0,1760.6097888671977,972.2222222222209,0.0,854.7219577734434
11411.111111111111,10266.666666666666,0.0,1760.6097888671977,972.2222222222209,0.0,854.7441799956656
12855.555555555555,10266.666666666666,0.0,1760.6097888671977,972.2222222222209,0.0,857.6330688845545
12866.666666666666,10266.666666666666,0.0,1760.7208999783088,972.2222222222209,0.0,857.6552911067768
14144.444444444443,10266.666666666666,0.0,1773.4986777560866,972.2222222222209,0.0,860.2108466623323
14233.333333333332,10511.111111111111,0.0,1776.099722180691,972.2222222222209,0.0,860.7310555472532
12966.666666666666,10511.111111111111,0.0,1788.7663888473578,972.2222222222209,0.0,863.2643888805865
12955.555555555555,10511.111111111111,0.0,1788.7663888473578,972.2222222222209,0.0,863.2866111028087
11500.0,10511.111111111111,0.0,1788.7663888473578,972.2222222222209,0.0,866.1977222139199
11488.888888888889,10511.111111111111,0.0,1788.7663888473578,972.333333333332,0.0,866.2199444361421
10077.777777777777,10511.111111111111,0.0,1788.7663888473578,986.4444444444431,0.0,869.0421666583643
10066.666666666666,10511.111111111111,0.0,1788.7663888473578,986.4444444444431,0.0,869.0643888805865
5822.222222222222,10511.111111111111,0.0,1788.7663888473578,986.4444444444431,0.0,877.5532777694755
5811.111111111111,10511.111111111111,0.0,1788.7663888473578,986.5555555555542,0.0,877.5754999916977
4388.888888888889,10511.111111111111,0.0,1788.7663888473578,1000.7777777777764,0.0,880.4199444361421
4377.777777777777,10511.111111111111,0.0,1788.7663888473578,1000.7777777777764,0.0,880.4421666583644
2922.222222222222,10511.111111111111,0.0,1788.7663888473578,1000.7777777777764,0.0,883.3532777694755
2911.111111111111,10511.111111111111,0.0,1788.877499958469,1000.7777777777764,0.0,883.3754999916978
1644.4444444444443,10511.111111111111,0.0,1801.5441666251356,1000.7777777777764,0.0,885.9088333250311
0.0,10755.555555555555,0.0,1818.1693000600405,1000.7777777777764,0.0,887.5713466685215
2822.222222222222,10755.555555555555,0.0,1846.3915222822627,1000.7777777777764,0.0,893.2157911129659
2833.333333333333,10755.555555555555,0.0,1846.3915222822627,1000.7777777777764,0.0,893.2380133351882
4288.888888888889,10755.555555555555,0.0,1846.3915222822627,1000.7777777777764,0.0,896.1491244462993
4300.0,10755.555555555555,0.0,1846.3915222822627,1000.8888888888874,0.0,896.1713466685216
5711.111111111111,10755.555555555555,0.0,1846.3915222822627,1014.9999999999985,0.0,898.9935688907437
5722.222222222222,10755.555555555555,0.0,1846.3915222822627,1014.9999999999985,0.0,899.015791112966
10166.666666666666,10755.555555555555,0.0,1846.3915222822627,1014.9999999999985,0.0,907.9046800018549
10177.777777777777,10755.555555555555,0.0,1846.3915222822627,1015.1111111111096,0.0,907.9269022240771
11588.888888888889,10755.555555555555,0.0,1846.3915222822627,1029.2222222222208,0.0,910.7491244462993
11600.0,10755.555555555555,0.0,1846.3915222822627,1029.2222222222208,0.0,910.7713466685216
13055.555555555555,10755.555555555555,0.0,1846.3915222822627,1029.2222222222208,0.0,913.6824577796327
13066.666666666666,10755.555555555555,0.0,1846.5026333933738,1029.2222222222208,0.0,913.704680001855
15877.777777777777,10755.555555555555,0.0,1874.6137445044849,1029.2222222222208,0.0,919.3269022240772
15877.777777777777,11000.0,0.0,1877.0581889489292,1029.2222222222208,0.0,919.8157911129662
13155.555555555555,11000.0,0.0,1904.2804111711514,1029.2222222222208,0.0,925.2602355574106
13144.444444444443,11000.0,0.0,1904.2804111711514,1029.2222222222208,0.0,925.2824577796329
11711.111111111111,11000.0,0.0,1904.2804111711514,1029.2222222222208,0.0,928.1491244462995
11700.0,11000.0,0.0,1904.2804111711514,1029.333333333332,0.0,928.1713466685218
10266.666666666666,11000.0,0.0,1904.2804111711514,1043.6666666666652,0.0,931.0380133351885
10255.555555555555,11000.0,0.0,1904.2804111711514,1043.6666666666652,0.0,931.0602355574107
5622.222222222222,11000.0,0.0,1904.2804111711514,1043.6666666666652,0.0,940.3269022240773
5611.111111111111,11000.0,0.0,1904.2804111711514,1043.7777777777762,0.0,940.3491244462996
4188.888888888889,11000.0,0.0,1904.2804111711514,1057.9999999999984,0.0,943.193568890744
4177.777777777777,11000.0,0.0,1904.2804111711514,1057.9999999999984,0.0,943.2157911129663
2733.333333333333,11000.0,0.0,1904.2804111711514,1057.9999999999984,0.0,946.1046800018552
2722.222222222222,11000.0,0.0,1904.3915222822625,1057.9999999999984,0.0,946.1269022240774
0.0,11000.0,0.0,1931.6137445044847,1057.9999999999984,0.0,951.5713466685219
0.0,11244.444444444443,0.0,1934.058188948929,1057.9999999999984,0.0,952.0602355574108
2633.333333333333,11244.444444444443,0.0,1960.3915222822623,1057.9999999999984,0.0,957.3269022240775
2644.4444444444443,11244.444444444443,0.0,1960.3915222822623,1057.9999999999984,0.0,957.3491244462997
4033.333333333333,11244.444444444443,0.0,1960.3915222822623,1057.9999999999984,0.0,960.1269022240775
4044.4444444444443,11244.444444444443,0.0,1960.3915222822623,1058.1111111111095,0.0,960.1491244462998
5522.222222222222,11244.444444444443,0.0,1960.3915222822623,1072.8888888888873,0.0,963.1046800018553
5533.333333333333,11244.444444444443,0.0,1960.3915222822623,1072.8888888888873,0.0,963.1269022240775
10355.555555555555,11244.444444444443,0.0,1960.3915222822623,1072.8888888888873,0.0,972.7713466685219
10366.666666666666,11244.444444444443,0.0,1960.3915222822623,1072.9999999999984,0.0,972.7935688907442
11833.333333333332,11244.444444444443,0.0,1960.3915222822623,1087.6666666666652,0.0,975.7269022240774
11844.444444444443,11244.444444444443,0.0,1960.3915222822623,1087.6666666666652,0.0,975.7491244462997
13244.444444444443,11244.444444444443,0.0,1960.3915222822623,1087.6666666666652,0.0,978.5491244462996
13255.555555555555,11244.444444444443,0.0,1960.5026333933733,1087.6666666666652,0.0,978.5713466685219
15877.777777777777,11244.444444444443,0.0,1986.7248556155955,1087.6666666666652,0.0,983.8157911129663
15877.777777777777,11488.888888888889,0.0,1989.1693000600399,1087.6666666666652,0.0,984.3046800018552
13344.444444444443,11488.888888888889,0.0,2014.5026333933731,1087.6666666666652,0.0,989.3713466685219
13333.333333333332,11488.888888888889,0.0,2014.5026333933731,1087.6666666666652,0.0,989.3935688907442
12022.222222222223,11488.888888888889,0.0,2014.5026333933731,1087.6666666666652,0.0,992.0157911129664
12011.111111111111,11488.888888888889,0.0,2014.5026333933731,1087.7777777777762,0.0,992.0380133351887
10444.444444444443,11488.888888888889,0.0,2014.5026333933731,1103.444444444443,0.0,995.171346668522
10433.333333333332,11488.888888888889,0.0,2014.5026333933731,1103.444444444443,0.0,995.1935688907442
5444.444444444444,11488.888888888889,0.0,2014.5026333933731,1103.444444444443,0.0,1005.171346668522
5433.333333333333,11488.888888888889,0.0,2014.5026333933731,1103.555555555554,0.0,1005.1935688907442
3866.6666666666665,11488.888888888889,0.0,2014.5026333933731,1119.2222222222208,0.0,1008.3269022240776
3855.555555555555,11488.888888888889,0.0,2014.5026333933731,1119.2222222222208,0.0,1008.3491244462998
2544.4444444444443,11488.888888888889,0.0,2014.5026333933731,1119.2222222222208,0.0,1010.9713466685221
2533.333333333333,11488.888888888889,0.0,2014.6137445044842,1119.2222222222208,0.0,1010.9935688907443
0.0,11488.888888888889,0.0,2039.9470778378175,1119.2222222222208,0.0,1016.060235557411
0.0,11733.333333333332,0.0,2042.3915222822618,1119.2222222222208,0.0,1016.5491244463
2444.4444444444443,11733.333333333332,0.0,2066.8359667267064,1119.2222222222208,0.0,1021.4380133351889
2455.5555555555557,11733.333333333332,0.0,2066.8359667267064,1119.2222222222208,0.0,1021.4602355574111
3611.111111111111,11733.333333333332,0.0,2066.8359667267064,1119.2222222222208,0.0,1023.7713466685223
3622.222222222222,11733.333333333332,0.0,2066.8359667267064,1119.333333333332,0.0,1023.7935688907445
5444.444444444444,11733.333333333332,0.0,2066.8359667267064,1137.555555555554,0.0,1027.438013335189
5455.555555555556,11733.333333333332,0.0,2066.8359667267064,1137.555555555554,0.0,1027.4602355574111
10433.333333333332,11733.333333333332,0.0,2066.8359667267064,1137.555555555554,0.0,1037.4157911129666
10444.444444444443,11733.333333333332,0.0,2066.8359667267064,1137.6666666666652,0.0,1037.4380133351888
12255.555555555555,11733.333333333332,0.0,2066.8359667267064,1155.7777777777762,0.0,1041.060235557411
12266.666666666666,11733.333333333332,0.0,2066.8359667267064,1155.7777777777762,0.0,1041.0824577796332
13433.333333333332,11733.333333333332,0.0,2066.8359667267064,1155.7777777777762,0.0,1043.4157911129664
13444.444444444443,11733.333333333332,0.0,2066.9470778378177,1155.7777777777762,0.0,1043.4380133351885
15877.777777777777,11733.333333333332,0.0,2091.280411171151,1155.7777777777762,0.0,1048.304680001855
15877.777777777777,11977.777777777777,0.0,2093.7248556155955,1155.7777777777762,0.0,1048.793568890744
14566.666666666666,11977.777777777777,0.0,2106.835966726707,1155.7777777777762,0.0,1051.4157911129662
14555.555555555555,11977.777777777777,0.0,2106.835966726707,1155.7777777777762,0.0,1051.4380133351883
12733.333333333332,11977.777777777777,0.0,2106.835966726707,1155.7777777777762,0.0,1055.0824577796327
12722.222222222223,11977.777777777777,0.0,2106.835966726707,1155.8888888888873,0.0,1055.1046800018548
10233.333333333332,11977.777777777777,0.0,2106.835966726707,1180.7777777777762,0.0,1060.0824577796327
10222.222222222223,11977.777777777777,0.0,2106.835966726707,1180.7777777777762,0.0,1060.1046800018548
10077.777777777777,11977.777777777777,0.0,2106.835966726707,1180.7777777777762,0.0,1060.3935688907436
10066.666666666666,11977.777777777777,0.0,2106.947077837818,1180.7777777777762,0.0,1060.4157911129657
8833.333333333332,11977.777777777777,0.0,2119.2804111711516,1180.7777777777762,0.0,1062.8824577796324
8822.222222222223,11977.777777777777,0.0,2119.2804111711516,1180.7777777777762,0.0,1062.9046800018546
7066.666666666666,11977.777777777777,0.0,2119.2804111711516,1180.7777777777762,0.0,1066.4157911129657
7055.555555555556,11977.777777777777,0.0,2119.391522282263,1180.7777777777762,0.0,1066.4380133351879
5811.111111111111,11977.777777777777,0.0,2131.8359667267073,1180.7777777777762,0.0,1068.9269022240767
5800.0,11977.777777777777,0.0,2131.8359667267073,1180.7777777777762,0.0,1068.9491244462988
5655.555555555556,11977.777777777777,0.0,2131.8359667267073,1180.7777777777762,0.0,1069.2380133351876
5644.444444444444,11977.777777777777,0.0,2131.8359667267073,1180.8888888888873,0.0,1069.2602355574097
3155.5555555555557,11977.777777777777,0.0,2131.8359667267073,1205.7777777777762,0.0,1074.2380133351876
3144.4444444444443,11977.777777777777,0.0,2131.8359667267073,1205.7777777777762,0.0,1074.2602355574097
1333.3333333333333,11977.777777777777,0.0,2131.8359667267073,1205.7777777777762,0.0,1077.882457779632
1322.2222222222222,11977.777777777777,0.0,2131.9470778378186,1205.7777777777762,0.0,1077.904680001854
0.0,11977.777777777777,0.0,2145.1693000600408,1205.7777777777762,0.0,1080.5491244462985
0.0,12222.222222222223,0.0,2147.613744504485,1205.7777777777762,0.0,1081.0380133351873
1322.2222222222222,12222.222222222223,0.0,2160.8359667267073,1205.7777777777762,0.0,1083.6824577796317
1333.3333333333333,12222.222222222223,0.0,2160.8359667267073,1205.7777777777762,0.0,1083.7046800018538
5800.0,12222.222222222223,0.0,2160.8359667267073,1205.7777777777762,0.0,1092.6380133351872
5811.111111111111,12222.222222222223,0.0,2160.9470778378186,1205.7777777777762,0.0,1092.6602355574094
7088.888888888889,12222.222222222223,0.0,2173.7248556155964,1205.7777777777762,0.0,1095.215791112965
7100.0,12222.222222222223,0.0,2173.7248556155964,1205.7777777777762,0.0,1095.2380133351871
8822.222222222223,12222.222222222223,0.0,2173.7248556155964,1205.7777777777762,0.0,1098.6824577796315
8833.333333333332,12222.222222222223,0.0,2173.8359667267077,1205.7777777777762,0.0,1098.7046800018536
10066.666666666666,12222.222222222223,0.0,2186.169300060041,1205.7777777777762,0.0,1101.1713466685203
10077.777777777777,12222.222222222223,0.0,2186.169300060041,1205.7777777777762,0.0,1101.1935688907424
14555.555555555555,12222.222222222223,0.0,2186.169300060041,1205.7777777777762,0.0,1110.149124446298
14566.666666666666,12222.222222222223,0.0,2186.2804111711525,1205.7777777777762,0.0,1110.17134666852
15877.777777777777,12222.222222222223,0.0,2199.391522282264,1205.7777777777762,0.0,1112.7935688907423
15877.777777777777,12466.666666666666,0.0,2201.835966726708,1205.7777777777762,0.0,1113.2824577796312
14566.666666666666,12466.666666666666,0.0,2214.9470778378195,1205.7777777777762,0.0,1115.9046800018534
14555.555555555555,12466.666666666666,0.0,2214.9470778378195,1205.7777777777762,0.0,1115.9269022240755
10077.777777777777,12466.666666666666,0.0,2214.9470778378195,1205.7777777777762,0.0,1124.882457779631
10066.666666666666,12466.666666666666,0.0,2215.058188948931,1205.7777777777762,0.0,1124.9046800018532
8833.333333333332,12466.666666666666,0.0,2227.3915222822643,1205.7777777777762,0.0,1127.37134666852
8822.222222222223,12466.666666666666,0.0,2227.3915222822643,1205.7777777777762,0.0,1127.393568890742
7100.0,12466.666666666666,0.0,2227.3915222822643,1205.7777777777762,0.0,1130.8380133351864
7088.888888888889,12466.666666666666,0.0,2227.5026333933756,1205.7777777777762,0.0,1130.8602355574085
5811.111111111111,12466.666666666666,0.0,2240.2804111711534,1205.7777777777762,0.0,1133.4157911129641
5800.0,12466.666666666666,0.0,2240.2804111711534,1205.7777777777762,0.0,1133.4380133351863
1333.3333333333333,12466.666666666666,0.0,2240.2804111711534,1205.7777777777762,0.0,1142.3713466685197
1322.2222222222222,12466.666666666666,0.0,2240.3915222822648,1205.7777777777762,0.0,1142.3935688907418
0.0,12466.666666666666,0.0,2253.613744504487,1205.7777777777762,0.0,1145.0380133351862
0.0,12711.111111111111,0.0,2256.0581889489313,1205.7777777777762,0.0,1145.526902224075
1322.2222222222222,12711.111111111111,0.0,2269.2804111711534,1205.7777777777762,0.0,1148.1713466685194
1333.3333333333333,12711.111111111111,0.0,2269.2804111711534,1205.7777777777762,0.0,1148.1935688907415
5800.0,12711.111111111111,0.0,2269.2804111711534,1205.7777777777762,0.0,1157.126902224075
5811.111111111111,12711.111111111111,0.0,2269.3915222822648,1205.7777777777762,0.0,1157.149124446297
7088.888888888889,12711.111111111111,0.0,2282.1693000600426,1205.7777777777762,0.0,1159.7046800018527
7100.0,12711.111111111111,0.0,2282.1693000600426,1205.7777777777762,0.0,1159.7269022240748
8822.222222222223,12711.111111111111,0.0,2282.1693000600426,1205.7777777777762,0.0,1163.1713466685192
8833.333333333332,12711.111111111111,0.0,2282.280411171154,1205.7777777777762,0.0,1163.1935688907413
10066.666666666666,12711.111111111111,0.0,2294.6137445044874,1205.7777777777762,0.0,1165.660235557408
10077.777777777777,12711.111111111111,0.0,2294.6137445044874,1205.7777777777762,0.0,1165.68245777963
14555.555555555555,12711.111111111111,0.0,2294.6137445044874,1205.7777777777762,0.0,1174.6380133351856
14566.666666666666,12711.111111111111,0.0,2294.7248556155987,1205.7777777777762,0.0,1174.6602355574078
15877.777777777777,12711.111111111111,0.0,2307.83596672671,1205.7777777777762,0.0,1177.28245777963
15877.777777777777,12955.555555555555,0.0,2310.2804111711544,1205.7777777777762,0.0,1177.7713466685188
14566.666666666666,12955.555555555555,0.0,2323.3915222822657,1205.7777777777762,0.0,1180.393568890741
14555.555555555555,12955.555555555555,0.0,2323.3915222822657,1205.7777777777762,0.0,1180.4157911129632
10077.777777777777,12955.555555555555,0.0,2323.3915222822657,1205.7777777777762,0.0,1189.3713466685188
10066.666666666666,12955.555555555555,0.0,2323.502633393377,1205.7777777777762,0.0,1189.3935688907409
8833.333333333332,12955.555555555555,0.0,2335.8359667267105,1205.7777777777762,0.0,1191.8602355574076
8822.222222222223,12955.555555555555,0.0,2335.8359667267105,1205.7777777777762,0.0,1191.8824577796297
7100.0,12955.555555555555,0.0,2335.8359667267105,1205.7777777777762,0.0,1195.326902224074
7088.888888888889,12955.555555555555,0.0,2335.947077837822,1205.7777777777762,0.0,1195.3491244462962
5811.111111111111,12955.555555555555,0.0,2348.7248556155996,1205.7777777777762,0.0,1197.9046800018518
5800.0,12955.555555555555,0.0,2348.7248556155996,1205.7777777777762,0.0,1197.926902224074
1333.3333333333333,12955.555555555555,0.0,2348.7248556155996,1205.7777777777762,0.0,1206.8602355574073
1322.2222222222222,12955.555555555555,0.0,2348.835966726711,1205.7777777777762,0.0,1206.8824577796295
0.0,12955.555555555555,0.0,2362.058188948933,1205.7777777777762,0.0,1209.5269022240739
0.0,13200.0,0.0,2364.5026333933774,1205.7777777777762,0.0,1210.0157911129627
1322.2222222222222,13200.0,0.0,2377.7248556155996,1205.7777777777762,0.0,1212.660235557407
1333.3333333333333,13200.0,0.0,2377.7248556155996,1205.7777777777762,0.0,1212.6824577796292
5800.0,13200.0,0.0,2377.7248556155996,1205.7777777777762,0.0,1221.6157911129626
5811.111111111111,13200.0,0.0,2377.835966726711,1205.7777777777762,0.0,1221.6380133351847
7088.888888888889,13200.0,0.0,2390.6137445044887,1205.7777777777762,0.0,1224.1935688907404
7100.0,13200.0,0.0,2390.6137445044887,1205.7777777777762,0.0,1224.2157911129625
8822.222222222223,13200.0,0.0,2390.6137445044887,1205.7777777777762,0.0,1227.6602355574068
8833.333333333332,13200.0,0.0,2390.7248556156,1205.7777777777762,0.0,1227.682457779629
10066.666666666666,13200.0,0.0,2403.0581889489335,1205.7777777777762,0.0,1230.1491244462957
10077.777777777777,13200.0,0.0,2403.0581889489335,1205.7777777777762,0.0,1230.1713466685178
14555.555555555555,13200.0,0.0,2403.0581889489335,1205.7777777777762,0.0,1239.1269022240733
14566.666666666666,13200.0,0.0,2403.169300060045,1205.7777777777762,0.0,1239.1491244462954
15877.777777777777,13200.0,0.0,2416.280411171156,1205.7777777777762,0.0,1241.7713466685177
15877.777777777777,13444.444444444443,0.0,2418.7248556156005,1205.7777777777762,0.0,1242.2602355574065
8833.333333333332,13444.444444444443,0.0,2489.169300060045,1205.7777777777762,0.0,1256.3491244462955
8822.222222222223,13444.444444444443,0.0,2489.169300060045,1205.7777777777762,0.0,1256.3713466685176
7100.0,13444.444444444443,0.0,2489.169300060045,1205.7777777777762,0.0,1259.815791112962
7088.888888888889,13444.444444444443,0.0,2489.280411171156,1205.7777777777762,0.0,1259.838013335184
0.0,13444.444444444443,0.0,2560.169300060045,1205.7777777777762,0.0,1274.0157911129618
0.0,13688.888888888889,0.0,2562.613744504489,1205.7777777777762,0.0,1274.5046800018506
7088.888888888889,13688.888888888889,0.0,2633.502633393378,1205.7777777777762,0.0,1288.6824577796283
7100.0,13688.888888888889,0.0,2633.502633393378,1205.7777777777762,0.0,1288.7046800018504
8822.222222222223,13688.888888888889,0.0,2633.502633393378,1205.7777777777762,0.0,1292.1491244462948
8833.333333333332,13688.888888888889,0.0,2633.613744504489,1205.7777777777762,0.0,1292.171346668517
15877.777777777777,13688.888888888889,0.0,2704.0581889489335,1205.7777777777762,0.0,1306.2602355574058
15877.777777777777,13933.333333333332,0.0,2706.502633393378,1205.7777777777762,0.0,1306.7491244462947
8833.333333333332,13933.333333333332,0.0,2776.9470778378222,1205.7777777777762,0.0,1320.8380133351836
8822.222222222223,13933.333333333332,0.0,2776.9470778378222,1205.7777777777762,0.0,1320.8602355574058
7100.0,13933.333333333332,0.0,2776.9470778378222,1205.7777777777762,0.0,1324.30468000185
7088.888888888889,13933.333333333332,0.0,2777.0581889489335,1205.7777777777762,0.0,1324.3269022240722
0.0,13933.333333333332,0.0,2847.9470778378222,1205.7777777777762,0.0,1338.50468000185
0.0,14177.777777777777,0.0,2850.3915222822666,1205.7777777777762,0.0,1338.9935688907387
7088.888888888889,14177.777777777777,0.0,2921.2804111711553,1205.7777777777762,0.0,1353.1713466685164
7100.0,14177.777777777777,0.0,2921.2804111711553,1205.7777777777762,0.0,1353.1935688907386
8822.222222222223,14177.777777777777,0.0,2921.2804111711553,1205.7777777777762,0.0,1356.638013335183
8833.333333333332,14177.777777777777,0.0,2921.3915222822666,1205.7777777777762,0.0,1356.660235557405
15877.777777777777,14177.777777777777,0.0,2991.835966726711,1205.7777777777762,0.0,1370.749124446294
15877.777777777777,14422.22222222222,0.0,2994.2804111711553,1205.7777777777762,0.0,1371.2380133351828
8833.333333333332,14422.22222222222,0.0,3064.7248556155996,1205.7777777777762,0.0,1385.3269022240718
8822.222222222223,14422.22222222222,0.0,3064.7248556155996,1205.7777777777762,0.0,1385.349124446294
7100.0,14422.22222222222,0.0,3064.7248556155996,1205.7777777777762,0.0,1388.7935688907382
7088.888888888889,14422.22222222222,0.0,3064.835966726711,1205.7777777777762,0.0,1388.8157911129604
0.0,14422.22222222222,0.0,3135.7248556155996,1205.7777777777762,0.0,1395.9046800018493
