time,x,y,z
0.0,0.0,0.0,0.0
0.1,83.32305270680506,1.3089431093183899,0.026179819157097897
0.2,166.58442672762195,5.235126513021383,0.05235892058122896
0.30000000000000004,249.72246874049256,11.77661267741067,0.07853658655910338
0.4,332.6755761427572,20.930173176437794,0.10471209941678479
0.5,415.3822223888033,32.691289886602064,0.13088474153936575
0.6000000000000001,497.7809823015401,47.05415665925718,0.15705379539064146
0.7000000000000001,579.8105573488549,64.0116814697764,0.18321854353278139
0.8,661.4098008763186,83.55548904286951,0.20937826864599812
0.9,742.5177432874183,105.67592395318701,0.23553225354821328
1.0,823.0736171626148,130.3620542001924,0.26167978121471913
1.1,903.0168823085427,157.6016752561254,0.2878201347978364
1.2000000000000002,982.287250728689,187.3813145857247,0.31395259764656686
1.3,1060.8247115069128,219.68623663622185,0.3400764533262408
1.4000000000000001,1138.5695555952054,254.50044829596632,0.36619098563815844
1.5,1215.4624004970956,291.80670481988176,0.3922954786392247
1.6,1291.444214838175,331.5865162198064,0.4183892166615774
1.7000000000000002,1366.456342815214,373.82015411761165,0.4444714843322076
1.8,1440.4405285154148,418.486659058844,0.47054156659257157
1.9000000000000001,1513.3389400973563,465.56384828448137,0.49659874871819504
2.0,1585.094193825256,515.0283239582457,0.5226423163382673
2.1,1655.6493779482046,566.8554818467616,0.5486715554552264
2.2,1724.9480764160799,621.0195204497008,0.5746857524643331
2.3000000000000003,1792.9343924239126,677.4934505769096,0.6006841941732356
2.4000000000000004,1859.5529717765032,736.2491053693562,0.6266661678215213
2.5,1924.7490260651805,797.2571507606036,0.6526309611002579
2.6,1988.4683556486257,860.487096375358,0.6785778621715219
2.7,2050.6573724297523,925.907306861495,0.7045061596879133
2.8000000000000003,2111.2631224207125,993.4850136518363,0.7304151428120581
2.9000000000000004,2170.233308088155,1063.186327151795,0.7563041012360961
3.0,2227.51631047092,1134.976249348867,0.7821723252011543
3.1,2283.0612110624584,1208.8186868398147,0.8080191055168057
3.2,2336.817813450303,1284.676464271241,0.8338437335805113
3.3000000000000003,2388.736664705026,1362.511338189121,0.8596455013970477
3.4000000000000004,2438.769076511174,1442.2840112927188,0.8854237015979166
3.5,2486.867146032769,1523.9541470881838,0.9111776274607374
3.6,2532.9837765060456,1607.4803849369903,0.936906572928623
3.7,2577.072697552167,1692.8203554942397,0.9626098326295371
3.8000000000000003,2619.0884852027793,1779.9306965317471,0.9882867018956308
3.9000000000000004,2658.9865816313263,1868.7670691406554,1.0139364767825625
4.0,2696.7233145831583,1959.2841743082438,1.0395584540887965
4.1000000000000005,2732.255916497559,2051.4357698634376,1.065151931374883
4.2,2765.5425433149167,2145.174687785418,1.0907162069827128
4.3,2796.5422929623483,2240.45285186961,1.1162505800547569
4.4,2825.215223511227,2337.221295745195,1.1417543505532788
4.5,2851.522371000116,2435.4301812381887,1.167226819279527
4.6000000000000005,2875.4257669167623,2535.028817073999,1.1926672878929045
4.7,2896.888455332888,2635.965677913279,1.2180750589301124
4.800000000000001,2915.8745096856464,2738.1884237147556,1.243449435824274
4.9,2932.349049199688,2841.6439194186173,1.2687897229240284
5.0,2946.278254943948,2946.278254943948,1.2940952255126037
5.1000000000000005,2957.629385517336,3052.0367654935526,1.3193652498268647
5.2,2966.3707923576503,3158.86405215945,1.3445991030763285
5.300000000000001,2972.471934668165,3266.7040028221936,1.3697960934621622
5.4,2975.903393956434,3375.4998133370686,1.3949555301961465
5.5,2976.6368881800086,3485.1940090001412,1.420076723519613
5.6000000000000005,2974.6452854938857,3595.7284662870165,1.445158984722358
5.7,2969.9026175945996,3707.044434857066,1.47020162616152
5.800000000000001,2962.3840926560533,3819.0825598158376,1.4952039612804335
5.9,2952.0661078522635,3931.7829042281955,1.5201653046274517
6.0,2938.926261462366,4045.084971874737,1.545084971874737
6.1000000000000005,2922.9433645533327,4158.927730243869,1.5699622798370247
6.2,2904.0974522360084,4273.249633751903,1.59479654649035
6.300000000000001,2882.369794490192,4387.98864718342,1.619587090990747
6.4,2857.7429065546485,4503.0822693440805,1.6443332336929162
6.5,2830.2005588780567,4618.467556918,1.6690342961688547
6.6000000000000005,2799.727786627042,4734.081148521691,1.6936896012264568
6.7,2766.3108987476085,4849.859288946568,1.7182984729280806
6.800000000000001,2729.937486576386,4965.737853581894,1.7428602366090762
6.9,2690.596431998297,5081.652373009987,1.7673742188962858
7.0,2648.277915147356,5197.538057765479,1.7918397477265013
7.1000000000000005,2602.9734216474976,5313.329823250309,1.816256152364892
7.2,2554.6757493904365,5428.962314796118,1.8406227634233896
7.300000000000001,2503.379014847746,5544.369932865626,1.8649389128790448
7.4,2449.0786589144805,5659.486858384551,1.8892039340923357
7.5,2391.7714522818114,5774.247078195542,1.9134171618254485
7.6000000000000005,2331.4555003362934,5888.584410625593,1.937577932260515
7.7,2268.1302475835664,6002.432531158314,1.9616855830178073
7.800000000000001,2201.7964815943947,6115.724998202465,1.9857394531739034
7.9,2132.4563364711503,6228.395278948007,2.009738883279801
8.0,2060.113295832983,6340.376775301024,2.0336832153790008
8.1,1984.7721953180526,6451.602849888727,2.0575717930255437
8.200000000000001,1906.4392246013988,6562.006852125779,2.081403961302006
8.3,1825.1219289271633,6671.522144333104,2.1051790668374553
8.4,1740.8292101539835,6780.0821279004185,2.1288964578253635
8.5,1653.5713273126637,6887.620269483542,2.152555484041476
8.6,1563.359896675221,6994.07012722769,2.1761554968616377
8.700000000000001,1470.207891334714,7099.3653770078035,2.1996958492795757
8.8,1374.1296402953146,7203.43983867705,2.2231758959246375
8.9,1275.1408270722873,7306.227502314574,2.246594993079483
9.0,1173.258487801732,7407.6625544635335,2.2699524986977337
9.1,1068.5010088600013,7507.6794043505615,2.2932477724215743
9.200000000000001,960.8881239929995,7606.212710077665,2.3164801755993087
9.3,850.4409109556016,7703.197404777643,2.339649071302867
9.4,737.1817876616952,7798.568722724127,2.36275382434527
9.5,621.1345078454395,7892.262225387262,2.385793801298042
9.600000000000001,502.32415623450476,7984.213827426174,2.4087683705085765
9.700000000000001,380.77714323627833,8074.359822609258,2.4316769021174527
9.8,256.52119913804677,8162.636909653476,2.4545187680757046
9.9,129.58536782252034,8248.9822179737,2.477293342162038
10.0,5.102694996447304e-13,8333.333333333332,2.4999999999999996
10.100000000000001,-132.20325404115985,8415.628323387311,2.522638119075096
10.200000000000001,-266.9914521640904,8495.80576310872,2.5452070787518566
10.3,-404.3303685911005,8573.804760090243,2.5677062602908505
10.4,-544.1845025873828,8649.564979711686,2.590135046865651
10.5,-686.5170876186427,8723.026670164869,2.612492823579744
10.600000000000001,-831.2901009802124,8794.130687327208,2.634778977483388
10.700000000000001,-978.4642738951535,8862.818519475353,2.656992897590415
10.8,-1127.9991020787395,8929.032311830302,2.679133974894983
10.9,-1279.8528567663761,8992.714890925397,2.701201602388275
11.0,-1433.9825962021137,9053.809788788762,2.723195175075135
11.100000000000001,-1590.3441775845392,9112.26126693166,2.745114089990659
11.200000000000001,-1748.892269466763,9168.014340134428,2.7669577462167205
11.3,-1909.5803646071604,9221.014800021629,2.788725544898451
11.4,-2072.3607932671543,9271.209238418101,2.8104168892606527
11.5,-2237.1847369524285,9318.545070477734,2.832031184624164
11.600000000000001,-2404.002242593597,9362.970557576768,2.8535678384221583
11.700000000000001,-2572.7622371623856,9404.434829963531,2.875026260216393
11.8,-2743.4125427190884,9442.887909156607,2.896405861713394
11.9,-2915.899891887014,9478.28073008344,2.9177060567805873
12.0,-3090.1699437494735,9510.565162951536,2.938926261462366
12.100000000000001,-3266.1673001646736,9539.694034844415,2.9600658939960978
12.200000000000001,-3443.8355224937955,9565.621151034626,2.981124374828079
12.3,-3623.1171487373863,9588.30131600614,3.0021011266294204
12.4,-3803.953711075006,9607.6903541786,3.0229955743118744
12.5,-3986.2857538030185,9623.745130325904,3.043807145043603
12.600000000000001,-4170.0528516651975,9636.423569681803,3.0645352682648825
12.700000000000001,-4355.193628570737,9645.68467772513,3.0851793757037433
12.8,-4541.645776694109,9651.488559637542,3.1057389013915513
12.9,-4729.346075951088,9653.796439426618,3.1262132816785257
13.0,-4918.23041384509,9652.57067870732,3.1466019552491877
13.100000000000001,-5108.233805677929,9647.774795134903,3.1669043631377507
13.200000000000001,-5299.29041511887,9639.3734804825,3.1871199487434483
13.3,-5491.333575125851,9627.33261835662,3.2072481578457888
13.4,-5684.295809212479,9611.619301544037,3.227288438619753
13.5,-5878.108853054424,9592.20184898354,3.2472402416509185
13.600000000000001,-6072.703676428631,9569.04982235617,3.2671030199505275
13.700000000000001,-6268.010505478674,9542.134042287753,3.286876228970479
13.8,-6463.958845299503,9511.42660415746,3.306559326618259
13.9,-6660.477502834643,9476.90089350652,3.326151773271804
14.0,-6857.494610078852,9438.531601041053,3.345653031794291
14.100000000000001,-7054.93764757914,9396.294737223312,3.3650625675488666
14.200000000000001,-7252.73346822689,9350.167646445669,3.3843798484133036
14.3,-7450.808321333821,9300.129020781764,3.403604344794589
14.4,-7649.087876984278,9246.158913309473,3.422735529643443
14.5,-7847.4972506563845,9188.238751000374,3.44177287846877
14.600000000000001,-8045.96102810443,9126.351347170592,3.460715869352034
14.700000000000001,-8244.403290494725,9060.480913487969,3.4795639829615714
14.8,-8442.747639787161,8990.61307153074,3.4983167025668265
14.9,-8640.91722435457,8916.734863892929,3.5169735140525193
15.0,-8838.834764831843,8838.834764831845,3.5355339059327373
15.100000000000001,-9036.422580186798,8756.902690453288,3.553997369364963
15.200000000000001,-9233.602614004549,8670.930008430056,3.5723633981640166
15.3,-9430.296460977273,8580.90954724961,3.5906314888159443
15.4,-9626.425393590896,8486.835604986863,3.6088011404918108
15.5,-9821.910389000403,8388.703957598203,3.6268718550614376
15.600000000000001,-10016.672156085258,8286.511866732968,3.644843137107058
15.700000000000001,-10210.631162676478,8180.258087058812,3.662714493936894
15.8,-10403.707662946592,8069.942873097523,3.680485435598672
15.9,-10595.821724953948,7955.567985567964,3.698155474893048
16.0,-10786.893258332631,7837.136697232977,3.7157241273869706
16.1,-10976.842042119068,7714.653798247318,3.7331909114269566
16.2,-11165.58775270658,7588.125601003765,3.7505553481522975
16.3,-11353.049991919004,7457.559944474622,3.76781696150819
16.400000000000002,-11539.14831519421,7322.966198046282,3.7849752782587824
16.5,-11723.80225986877,7184.355264844298,3.8020298280001548
16.6,-11906.931373554553,7041.739584546805,3.818980143173211
16.7,-12088.455242598158,6895.133135684341,3.8358257590764975
16.8,-12268.293520614092,6744.551437424014,3.852566213878946
16.900000000000002,-12446.365957082433,6590.011550836409,3.8692010486325312
17.0,-12622.592426001876,6431.53207964358,3.8857298072848545
17.1,-12796.892954588777,6269.133170446788,3.9021520366916485
17.2,-12969.187752012947,6102.836512432706,3.918467286629199
17.3,-13139.397238161002,5932.665336556984,3.9346751098066868
17.400000000000002,-13307.44207241773,5758.644414204314,3.950775061878452
17.5,-13473.243182456266,5580.800055324228,3.9667667014561756
17.6,-13636.721793027686,5399.160106041946,3.9826495901209813
17.7,-13797.799454740541,5213.753945744047,3.9984232924354526
17.8,-13956.398072821012,5024.612483638488,4.014087375955572
17.900000000000002,-14112.439935844222,4831.768154789057,4.029641411242579
18.0,-14265.847744427303,4635.254915624213,4.045084971874737
18.1,-14416.544639874815,4435.108238920581,4.060417634459031
18.2,-14564.454232766971,4231.365108261642,4.07563897864277
18.3,-14709.500631481418,4024.064011971942,4.090748587125118
18.400000000000002,-14851.608470639012,3813.2449365277744,4.10574604566852
18.5,-14990.702939464181,3598.9493594452106,4.120630943110078
18.6,-15126.709810050583,3381.220241646413,4.1354028713728095
18.7,-15259.555465522515,3160.102019305657,4.150061425476837
18.8,-15389.166928082792,2935.640595176352,4.164606203550497
18.900000000000002,-15515.471886937694,2707.8833294006945,4.179036806841352
19.0,-15638.39872608968,2476.879029803657,4.19335283972712
19.1,-15757.876551988544,2242.677941673187,4.207553909726531
19.200000000000003,-15873.83522103165,2005.331737028859,4.221639627510076
19.3,-15986.205366904138,1764.893503380984,4.235609606910685
19.400000000000002,-16094.918427749795,1521.4177319826488,4.24946346493432
19.5,-16199.90667316333,1274.9603055774824,4.263200821770461
19.6,-16301.103230995104,1025.5784856454482,4.276821300802533
19.700000000000003,-16398.44211395901,773.3308991499647,4.290324528618223
19.8,-16491.85824603457,518.2775247891159,4.303710135019719
19.900000000000002,-16581.28748865421,260.4796787543528,4.316977753033858
20.0,-16666.666666666664,2.0410779985789216e-12,4.330127018922193
20.1,-16747.933594067814,-263.0975649730002,4.3431575721909566
20.200000000000003,-16825.027099489816,-528.7477778151696,4.356069055600948
20.3,-16897.88705143999,-796.8841245047817,4.368861115177326
20.400000000000002,-16966.454383280616,-1067.4388319983268,4.381533400219318
20.5,-17030.671117940936,-1340.3428853506823,4.394085563309826
20.6,-17090.480392352874,-1615.5260453011665,4.406517260324962
20.700000000000003,-17145.82648160185,-1892.9168663205332,4.418828150443468
20.8,-17196.654822784283,-2172.4427151146074,4.4310178961560736
20.900000000000002,-17242.91203856338,-2454.0297895795716,4.443086163274744
21.0,-17284.54596041491,-2737.603138204038,4.455032620941839
21.1,-17321.505651554777,-3023.086679912956,4.466856941639188
21.200000000000003,-17353.741429540165,-3310.4032243478123,4.478558801197065
21.3,-17381.204888536347,-3599.474492578098,4.490137878803078
21.400000000000002,-17403.848921241,-3890.221138238342,4.501593857010969
21.5,-17421.627740458374,-4182.56276908497,4.512926421749302
21.6,-17434.496900315364,-4476.417968967391,4.524135262330098
21.700000000000003,-17442.413317111852,-4771.704320207163,4.535220071457325
21.8,-17445.3352897978,-5068.338426379332,4.546180545235343
21.900000000000002,-17443.222520069525,-5366.235935489555,4.557016383177227
22.0,-17436.036132077817,-5665.311563540693,4.567727288213004
22.1,-17423.73869174063,-5965.479118482581,4.578312966697806
22.200000000000003,-17406.294225653175,-6266.651524537893,4.588773128419906
22.3,-17383.66823958837,-6568.740846897863,4.599107486608688
22.400000000000002,-17355.827736580693,-6871.658316780655,4.609315757942502
22.5,-17322.74123458663,-7175.314356845432,4.619397662556434
22.6,-17284.37878371498,-7479.6186069550395,4.629352924049973
22.700000000000003,-17240.711983020505,-7784.479950279977,4.6391812694946
22.8,-17191.71399685437,-8089.806539736381,4.648882429441257
22.900000000000002,-17137.35957076508,-8395.505824750388,4.658456137927745
23.0,-17077.625046943715,-8701.48457834132,4.667902132486009
23.1,-17012.488379207352,-9007.648924516034,4.677220154149336
23.200000000000003,-16941.929147514697,-9313.904365966499,4.686409947459458
23.3,-16865.928572008215,-9620.15581206258,4.695471260473545
23.400000000000002,-16784.4695265769,-9926.30760713224,4.704403844771127
23.5,-16697.536551934307,-10232.263559020661,4.713207455460892
23.6,-16605.115868206296,-10537.92696792027,4.721881851187406
23.700000000000003,-16507.195387023334,-10843.200655463113,4.730426794137727
23.8,-16403.76472311214,-11147.986994067256,4.7388420500479285
23.900000000000002,-16294.815205381712,-11452.187936528639,4.7471273882095195
24.0,-16180.339887498949,-11755.705045849461,4.755282581475767
24.1,-16060.33355794907,-12058.439525294834,4.7633074062679315
24.200000000000003,-15934.792749576422,-12360.292248668362,4.771201642581384
24.3,-15803.715748601177,-12661.16379079803,4.7789650739916505
24.400000000000002,-15667.102603107714,-12960.954458223356,4.7865974876603365
24.5,-15524.955131000635,-13259.564320074582,4.794098674340965
24.6,-15377.276927424416,-13556.893239134866,4.801468428384716
24.700000000000003,-15224.073371643044,-13852.840903076178,4.808706547746056
24.8,-15065.35163337584,-14147.306855859568,4.815812833988291
24.900000000000002,-14901.120678586163,-14440.190529290527,4.822787092288991
25.0,-14731.391274719745,-14731.391274719741,4.8296291314453415
25.1,-14556.175995389247,-15020.80839488003,4.836338763879384
25.200000000000003,-14375.489224502464,-15308.341175849646,4.842915805643155
25.3,-14189.347159831055,-15593.888919132356,4.849360076423734
25.400000000000002,-13997.767816017296,-15877.350973844736,4.85567139954818
25.5,-13800.771027016412,-16158.62676900065,4.861849601988383
25.6,-13598.378447972045,-16437.61584588351,4.867894514365801
25.700000000000003,-13390.61355652302,-16714.2178904959,4.873805970956109
25.8,-13177.501653538995,-16988.332766077343,4.879583809693737
25.900000000000002,-12959.069863283667,-17259.860545679705,4.885227872176318
26.0,-12735.347133003588,-17528.701544790525,4.8907380036690284
26.1,-12506.364231941314,-17794.756353994257,4.896114053108828
26.200000000000003,-12272.153749771509,-18057.925871661275,4.901355873108609
26.3,-12032.750094459047,-18318.111336654598,4.906463319961226
26.400000000000002,-11788.189489537921,-18575.214361044338,4.911436253643443
26.5,-11538.509970810548,-18829.136962819528,4.916274537819773
26.6,-11283.75138246656,-19079.781598587422,4.92097803984621
26.700000000000003,-11023.955372621067,-19327.05119624976,4.92554663077387
26.8,-10759.16538827164,-19570.849187646287,4.929980185352525
26.900000000000002,-10489.426669674522,-19811.07954115488,4.934278582034036
27.0,-10214.786244139805,-20047.646794238277,4.938441702975689
27.1,-9935.292919246072,-20280.456085927242,4.942469434043418
27.200000000000003,-9650.997275474969,-20509.413189229785,4.946361664814941
27.3,-9361.951658266233,-20734.424543456375,4.950118288582788
27.400000000000002,-9068.21016949415,-20955.39728645091,4.953739202357218
27.5,-8769.828658366652,-21172.23928671698,4.957224306869052
27.6,-8466.86471174759,-21384.859175429785,4.9605735065723895
27.700000000000003,-8159.377643904518,-21593.166378322774,4.963786709647228
27.8,-7847.4284856825825,-21797.071147439554,4.966863828001983
27.900000000000002,-7531.0799731069765,-21996.484592740428,4.969804777275899
28.0,-7210.3965354154425,-22191.31871355358,4.972609476841367
28.1,-6885.4442825231035,-22381.486429860903,4.975277849806131
28.200000000000003,-6556.290991921875,-22566.901613408165,4.9778098230154
28.3,-6223.00609501672,-22747.479118629733,4.980205327053848
28.400000000000002,-5885.660662901555,-22923.134813377605,4.982464296247522
28.5,-5544.327391577767,-23093.785609444814,4.9845866686656395
28.6,-5199.080586617593,-23259.349492873484,4.98657238612229
28.700000000000003,-4849.996147276588,-23419.745554037232,4.988421394178026
28.8,-4497.151550057391,-23574.894017488532,4.990133642141358
28.900000000000002,-4140.625831729116,-23724.716271560806,4.991709083070141
29.0,-3780.4995718055834,-23869.134897715827,4.993147673772869
29.1,-3416.854874486365,-24008.073699626526,4.99444937480985
29.200000000000003,-3049.7753500647455,-24141.45773198563,4.995614150494292
29.3,-2679.3460958063665,-24269.213329030637,4.9966419688932815
29.400000000000002,-2305.6536763035924,-24391.268132775465,4.997532801828658
29.5,-1928.7861033095369,-24507.551120939395,4.998286624877786
29.6,-1548.8328150563925,-24617.992634564034,4.998903417374228
29.700000000000003,-1165.884655063654,-24722.524405308763,4.999383162408303
29.8,-780.0338504401861,-24821.07958241567,4.999725846827561
29.900000000000002,-391.37398968620084,-24913.59275933471,4.999931461237134
30.0,-4.5924254968025744e-12,-25000.0,5.0
30.1,393.9918759048507,-25080.238864748324,4.999931461237134
30.200000000000003,790.5041034662421,-25154.248435870915,4.999725846827561
30.3,1189.4378804184657,-25221.969342789744,4.999383162408303
30.400000000000002,1590.6931614092812,-25283.34378684955,4.998903417374228
30.5,1994.1686830827095,-25338.315565717003,4.998286624877786
30.6,2399.7619896221195,-25386.83009737854,4.997532801828658
30.700000000000003,2807.3694587459104,-25428.83444372835,4.9966419688932815
30.8,3216.886328150475,-25464.277333738264,4.995614150494292
30.900000000000002,3628.2067223927506,-25493.109186201356,4.99444937480985
31.0,4041.2236802059824,-25515.28213204106,4.993147673772869
31.1,4455.829182241357,-25530.75003617789,4.991709083070141
31.200000000000003,4871.914179228831,-25539.468518945905,4.990133642141358
31.3,5289.368620549046,-25541.394977051055,4.988421394178026
31.400000000000002,5708.081483209516,-25536.488604063892,4.98657238612229
31.5,6127.940801217524,-25524.71041043901,4.9845866686656395
31.6,6548.833695341181,-25506.023243053955,4.982464296247522
31.700000000000003,6970.64640325196,-25480.391804260165,4.980205327053848
31.8,7393.264310039574,-25447.78267043899,4.9778098230154
31.900000000000002,7816.571979092101,-25408.164310055607,4.975277849806131
32.0,8240.453183331927,-25361.507101204097,4.972609476841367
32.1,8664.79093680049,-25307.78334863684,4.969804777275899
32.2,9089.467526581999,-25246.967300271717,4.966863828001983
32.300000000000004,9514.36454505835,-25179.035163170596,4.963786709647228
32.4,9939.362922486289,-25103.96511898279,4.9605735065723895
32.5,10364.342959887832,-25021.737338847353,4.957224306869053
32.6,10789.184362244878,-24932.333997748152,4.953739202357218
32.7,11213.766271989216,-24835.739288315883,4.950118288582788
32.800000000000004,11637.967302778676,-24731.93943407119,4.946361664814941
32.9,12061.665573549672,-24620.922702103548,4.942469434043418
33.0,12484.738742837535,-24502.679415180122,4.938441702975689
33.1,12907.064043354141,-24377.201963279796,4.934278582034036
33.2,13328.518316814114,-24244.4848145469,4.929980185352525
33.300000000000004,13748.97804899932,-24104.524525659803,4.925546630773869
33.4,14168.319405051985,-23957.31975160977,4.92097803984621
33.5,14586.41826498691,-23802.87125488507,4.916274537819773
33.6,15003.150259411912,-23641.181914056422,4.911436253643443
33.7,15418.39080544756,-23472.256731758913,4.906463319961226
33.800000000000004,15832.015142835013,-23296.102842066826,4.901355873108609
33.9,16243.898370222596,-23112.729517256925,4.896114053108829
34.0,16653.915481620064,-22922.148173956848,4.8907380036690284
34.1,17061.941403010533,-22724.372378674827,4.885227872176318
34.2,17467.851029109846,-22519.41785270717,4.879583809693737
34.300000000000004,17871.519260262252,-22307.302476420587,4.873805970956109
34.4,18272.821039462448,-22088.046292905954,4.867894514365801
34.5,18671.631389492766,-21861.6715110009,4.861849601988383
34.6,19067.825450165295,-21628.20250767825,4.85567139954818
34.7,19461.278515657614,-21387.66582979813,4.849360076423734
34.800000000000004,19851.866071931992,-21140.090195220917,4.842915805643155
34.9,20239.46383422647,-20885.506493279412,4.836338763879384
35.0,20623.947784607633,-20623.94778460764,4.8296291314453415
35.1,21005.19420957329,-20355.449300325185,4.822787092288991
35.2,21383.079737694727,-20080.048440574876,4.81581283398829
35.300000000000004,21757.481377287444,-19797.784772412488,4.808706547746056
35.4,22128.276554098546,-19508.700027047744,4.801468428384716
35.5,22495.343149000917,-19212.838096434592,4.794098674340965
35.6,22858.55953568175,-18910.245029211128,4.7865974876603365
35.7,23217.80461831533,-18600.969025987208,4.7789650739916505
35.800000000000004,23572.957869208116,-18285.06043398045,4.771201642581384
35.9,23923.89936640544,-17962.57174099939,4.7633074062679315
36.0,24270.50983124842,-17633.557568774202,4.755282581475768
36.1,24612.670665869453,-17298.074665635304,4.7471273882095195
36.2,24950.263990615957,-16956.18189853926,4.7388420500479285
36.300000000000004,25283.172681390184,-16607.940244443475,4.730426794137726
36.4,25611.280406894464,-16253.412781029556,4.721881851187406
36.5,25934.471665770292,-15892.664676776794,4.713207455460892
36.6,26252.63182362027,-15525.763180386346,4.704403844771127
36.7,26565.647149901353,-15152.777609557797,4.695471260473545
36.800000000000004,26873.404854678487,-14773.779339119272,4.686409947459457
36.9,27175.79312522732,-14388.841788512635,4.677220154149337
37.0,27472.701162474677,-13998.040408636032,4.667902132486009
37.1,27764.01921726571,-13601.452668045364,4.658456137927745
37.2,28049.6386264466,-13199.158038517262,4.648882429441257
37.300000000000004,28329.451848751763,-12791.237979975454,4.6391812694946
37.4,28603.35250048407,-12377.775924784013,4.629352924049974
37.5,28871.235390977705,-11958.857261409075,4.619397662556434
37.6,29132.99655783188,-11534.56931745324,4.609315757942503
37.7,29388.533301905012,-11105.001342064968,4.599107486608688
37.800000000000004,29637.744222058118,-10670.244487726655,4.588773128419906
37.9,29880.529249636624,-10230.391791424916,4.578312966697806
38.0,30116.78968267986,-9785.538155206676,4.567727288213005
38.1,30346.428219846977,-9335.780326125661,4.557016383177227
38.2,30569.34899404936,-8881.216875582117,4.546180545235342
38.300000000000004,30785.457605778065,-8421.948178061475,4.535220071457325
38.400000000000006,30994.661156116214,-7958.0763892753175,4.524135262330097
38.5,31196.868279425464,-7489.705423710292,4.512926421749304
38.6,31391.989175696366,-7016.94093158881,4.501593857010968
38.7,31579.935642551944,-6539.890275247527,4.490137878803078
38.800000000000004,31760.621106894272,-6058.662504938432,4.478558801197064
38.900000000000006,31933.960656183932,-5573.3683340575035,4.466856941639187
39.0,32099.871069341974,-5084.12011380751,4.455032620941839
39.1,32258.270847264506,-4591.031807299551,4.443086163274744
39.2,32409.080242939617,-4094.218963100591,4.431017896156073
39.300000000000004,32552.221291157137,-3593.7986882317205,4.418828150443466
39.400000000000006,32687.61783780113,-3089.8896206245445,4.406517260324961
39.5,32815.19556871546,-2582.611901041585,4.394085563309827
39.6,32934.882038132964,-2072.0871444673376,4.381533400219317
39.7,33046.60669665851,-1558.4384109773441,4.368861115177326
39.800000000000004,33150.30091879677,-1041.790176091228,4.356069055600948
39.900000000000006,33245.898030015225,-522.2683006180132,4.343157572190956
40.0,33333.33333333333,-8.164311994315686e-12,4.330127018922194
40.1,33412.54413542882,524.8861868366631,4.316977753033859
40.2,33483.46977225201,1052.2604291173134,4.303710135019719
40.300000000000004,33546.05163413949,1581.9916363321786,4.290324528618222
40.400000000000006,33600.233190418476,2113.947490820257,4.276821300802532
40.5,33645.960013493066,2647.9944808147734,4.263200821770462
40.6,33683.17980240421,3183.9979339430406,4.249463464934319
40.7,33711.84240585484,3721.8220511712857,4.235609606910685
40.800000000000004,33731.89984469225,4261.329941186342,4.221639627510075
40.900000000000006,33743.30633383933,4802.383655205967,4.2075539097265295
41.0,33746.0183036672,5344.844222207879,4.193352839727122
41.1,33739.994420801006,5888.571684569795,4.179036806841351
41.2,33725.19560835164,6433.425134109894,4.1646062035504965
41.300000000000004,33701.58506556577,6979.262748519984,4.150061425476838
41.400000000000006,33669.128286886786,7525.9418281807275,4.135402871372808
41.5,33627.79308041966,8073.318833350039,4.120630943110077
41.6,33577.54958579254,8621.249421714969,4.10574604566852
41.7,33518.370291408486,9169.588486296709,4.090748587125117
41.800000000000004,33450.23005108018,9718.190193699847,4.075638978642771
41.900000000000006,33373.10610004169,10266.908022694639,4.06041763445903
42.0,33286.97807033038,10815.594803123151,4.045084971874737
42.1,33191.828005533054,11364.102755118398,4.0296414112425785
42.2,33087.64037489026,11912.283528626098,4.014087375955572
42.300000000000004,32974.402086752816,12459.988243218826,3.9984232924354517
42.400000000000006,32852.10250138487,13007.067528191994,3.9826495901209817
42.5,32720.733443108078,13553.371562930271,3.9667667014561756
42.6,32580.28921178134,14098.750117534717,3.9507750618784514
42.7,32430.766593611264,14643.052593698454,3.9346751098066868
42.800000000000004,32272.164871288034,15186.128065820923,3.9184672866291974
42.900000000000006,32104.485833442002,15727.825322348994,3.9021520366916485
43.0,31927.733783416523,16267.992907333752,3.885729807284855
43.1,31741.915547352233,16806.479162192278,3.8692010486325303
43.2,31547.040481579086,17343.132267661767,3.852566213878946
43.300000000000004,31343.120479311387,17877.800285936082,3.8358257590764975
43.400000000000006,31130.169976642628,18410.331202971774,3.81898014317321
43.5,30908.205957835857,18940.572970953122,3.8020298280001548
43.6,30677.24795990655,19468.373550903547,3.784975278258782
43.7,30437.318076494514,19993.580955431968,3.7678169615081893
43.800000000000004,30188.440961021497,20516.043291602793,3.7505553481522966
43.900000000000006,29930.643829132103,21035.608803916635,3.7331909114269557
44.0,29663.956460414764,21552.125917390647,3.7157241273869723
44.1,29388.411199400587,22065.44328072623,3.6981554748930496
44.2,29104.04295583794,22575.40980955129,3.6804854355986705
44.300000000000004,28810.88920424,23081.87472972646,3.662714493936894
44.400000000000006,28508.9899827042,23584.687620701534,3.644843137107057
44.5,28198.387891001144,24083.69845891098,3.6268718550614376
44.6,27879.12808793208,24578.757661195734,3.608801140491811
44.7,27551.25828795321,25069.716128239055,3.5906314888159443
44.800000000000004,27214.828757066032,25556.425288004375,3.572363398164016
44.900000000000006,26869.892307972634,26038.73713916245,3.5539973693649616
45.0,26516.50429449554,26516.504294495524,3.5355339059327378
45.1,26154.722605261137,26989.580024266532,3.516973514052521
45.2,25784.607656647266,27457.818299539853,3.4983167025668265
45.300000000000004,25406.222384993915,27921.073835442556,3.4795639829615705
45.400000000000006,25019.632238078157,28379.202134352396,3.460715869352034
45.5,24624.905165852815,28832.059529001155,3.4417728784687696
45.6,24222.111610450207,29279.50322547999,3.4227355296434423
45.7,23811.32449545144,29721.391346134726,3.40360434479459
45.800000000000004,23392.619214421913,30157.58297233887,3.384379848413302
45.900000000000006,22966.073618715047,30587.938187131233,3.3650625675488666
46.0,22531.76800454479,31012.318117706334,3.3456530317942916
46.1,22089.785099329296,31430.58497774464,3.326151773271805
46.2,21640.210047307046,31842.602109570624,3.306559326618259
46.300000000000004,21183.130394427906,32248.234026125767,3.2868762289704785
46.400000000000006,20718.6360725212,32647.34645274459,3.267103019950526
46.5,20246.81938274301,33039.806368721074,3.247240241650919
46.6,19767.774978306083,33425.482048653146,3.2272884386197527
46.7,19281.5998464945,33804.24310355296,3.2072481578457888
46.800000000000004,18788.393289966898,34175.96052171068,3.187119948743449
46.900000000000006,18288.256907350722,34540.506709299785,3.166904363137749
47.0,17781.294573132258,34897.75553071107,3.146601955249187
47.1,17267.61241684468,35247.582348604155,3.126213281678527
47.2,16747.31880155951,35589.864063663445,3.1057389013915504
47.300000000000004,16220.524301684694,35924.47915404714,3.0851793757037433
47.400000000000006,15687.341680073796,36251.30771451728,3.0645352682648817
47.5,15147.885864451495,36570.23149523842,3.043807145043602
47.6,14602.27392315889,36881.13394023397,3.022995574311875
47.7,14050.625040225472,37183.900225487225,3.00210112662942
47.800000000000004,13493.060489770745,37478.417296676664,2.9811243748280787
47.900000000000006,12929.703609742774,37764.57390653286,2.960065893996097
48.0,12360.679774997909,38042.260651806144,2.9389262614623664
48.1,11786.116369728197,38311.37000983306,2.9177060567805873
48.2,11206.142759242393,38571.79637469054,2.8964058617133936
48.300000000000004,10620.890261106246,38823.43609292638,2.8750262602163916
48.400000000000006,10030.492115649135,39066.18749885479,2.8535678384221583
48.5,9435.083455842838,39299.9509494061,2.832031184624166
48.6,8834.801276559972,39524.628858519274,2.8104168892606523
48.7,8229.784403218431,39740.12573106667,2.7887255448984516
48.800000000000004,7620.173459819473,39946.3481963,2.7669577462167205
48.900000000000006,7006.110836385912,40143.20504080704,2.7451140899906568
49.0,6387.74065580944,40330.60724096812,2.7231951750751366
49.1,5765.208740112773,40508.46799490248,2.7012016023882754
49.2,5138.662576136458,40676.702753893594,2.679133974894981
49.300000000000004,4508.251280657097,40835.229253283636,2.656992897590414
49.400000000000006,3874.1255649454606,40983.9675428268,2.634778977483387
49.5,3236.437698773635,41122.84001649153,2.6124928235797444
49.6,2595.341473878284,41251.771441701894,2.590135046865651
49.7,1950.9921668910354,41370.68898800826,2.56770626029085
49.800000000000004,1303.5465017422928,41479.522255177864,2.545207078751857
49.900000000000006,653.1626115498486,41578.20330069572,2.5226381190750944
50.0,1.2756737491118265e-11,41666.66666666667,2.4999999999999996
50.1,-655.7804977685339,41744.84940610934,2.4772933421620387
50.2,-1314.0167547683466,41812.69110863311,2.454518768075703
50.300000000000004,-1974.5453922458685,41870.133925489245,2.4316769021174505
50.400000000000006,-2637.2018202311715,41917.12259398741,2.408768370508576
50.5,-3301.8202785468143,41953.60446126914,2.385793801298043
50.6,-3968.233878264023,41979.52950742988,2.3627538243452686
50.7,-4636.274643596698,41994.850367981344,2.339649071302867
50.800000000000004,-5305.773554222246,41999.52235564624,2.316480175599308
50.900000000000006,-5976.560588019122,41993.503481477324,2.293247772421574
51.0,-6648.464764209762,41976.75447529336,2.269952498697734
51.1,-7321.314186898174,41949.23880542413,2.246594993079483
51.2,-7994.936088990935,41910.922697757385,2.223175895924639
51.300000000000004,-8669.15687649096,41861.77515408048,2.1996958492795744
51.400000000000006,-9343.802173151917,41801.76796970969,2.176155496861636
51.5,-10018.696865482574,41730.87575040029,2.1525554840414776
51.6,-10693.665148088758,41649.075928531136,2.1288964578253626
51.7,-11368.530569341443,41556.348778556814,2.1051790668374535
51.800000000000004,-12043.116077360059,41452.67743172138,2.081403961302006
51.900000000000006,-12717.244066297177,41338.047890027774,2.0575717930255415
52.0,-13390.736422914375,41212.44903945666,2.0336832153790003
52.1,-14063.414573436341,41075.87266242926,2.0097388832798013
52.2,-14735.099530670155,40928.313449508816,1.985739453173903
52.300000000000004,-15405.611941379304,40769.769010335054,1.961685583017807
52.400000000000006,-16074.77213389765,40600.23988378696,1.9375779322605138
52.5,-16742.400165972682,40419.72954736879,1.9134171618254494
52.6,-17408.315872824587,40228.2444258145,1.8892039340923357
52.7,-18072.338915407694,40025.793898906646,1.864938912879044
52.800000000000004,-18734.28882886323,39812.39030850485,1.8406227634233907
52.900000000000006,-19393.98507114825,39588.04896478048,1.8162561523648901
53.0,-20051.247071829934,39352.78815165294,1.7918397477265011
53.1,-20705.894281030356,39106.62913142469,1.767374218896287
53.2,-21357.746218509394,38849.59614861128,1.7428602366090766
53.300000000000004,-22006.622522872814,38581.716432962974,1.7182984729280784
53.400000000000006,-22652.34300089153,38303.02020167549,1.6936896012264566
53.5,-23294.727676919425,38013.540660786595,1.669034296168856
53.6,-23933.59684239518,37713.31400575667,1.6443332336929148
53.7,-24568.77110541636,37402.37942123012,1.6195870909907473
53.800000000000004,-25200.071440370517,37080.77907997619,1.5947965464903493
53.900000000000006,-25827.319237610624,36748.55814100729,1.5699622798370259
54.0,-26450.33635316128,36405.76474687264,1.5450849718747375
54.1,-27068.94515844196,36052.45002012632,1.5201653046274513
54.2,-27682.96858999282,35688.66805896865,1.4952039612804349
54.300000000000004,-28292.23019919067,35314.47593205942,1.4702016261615185
54.400000000000006,-28896.55420194064,34929.93367250242,1.4451589847223563
54.5,-29495.76552832918,34535.1042710014,1.4200767235196152
54.6,-30089.68987222613,34130.05366818594,1.3949555301961456
54.7,-30678.1537408205,33714.85074610829,1.3697960934621611
54.800000000000004,-31260.98450407681,33289.567318911104,1.344599103076329
54.900000000000006,-31838.010444098436,32854.27812266585,1.319365249826864
55.0,-32409.060804383385,32409.06080438346,1.2940952255126028
55.1,-32973.96583895974,31953.99591019711,1.2687897229240288
55.2,-33532.55686138494,31489.166872719667,1.243449435824274
55.300000000000004,-34084.666293597635,31014.65999757535,1.2180750589301121
55.400000000000006,-34630.12771460623,30530.56444910859,1.1926672878929034
55.5,-35168.77590900141,30036.97223527102,1.1672268192795276
55.6,-35700.44691527823,29533.97819168929,1.1417543505532808
55.7,-36224.97807395411,29021.679964915686,1.1162505800547562
55.800000000000004,-36742.2080754696,28500.17799486341,1.0907162069827117
55.900000000000006,-37251.977007856985,27969.575496430745,1.0651519313748834
56.0,-37754.1264041642,27429.978440315423,1.0395584540887965
56.1,-38248.49928961986,26881.49553302326,1.0139364767825616
56.2,-38734.940228525345,26324.238196074737,0.9882867018956316
56.300000000000004,-39213.29537086135,25758.320544412334,0.9626098326295353
56.400000000000006,-39683.412498594735,25183.859364012795,0.9369065729286229
56.5,-40145.141071671846,24600.974088709256,0.9111776274607386
56.6,-40598.332273685985,24009.786776225883,0.8854237015979172
56.7,-41042.83905720453,23410.42208343126,0.8596455013970479
56.800000000000004,-41478.51618874289,22803.007240814495,0.8338437335805109
56.900000000000006,-41905.22029337225,22187.672026188793,0.8080191055168047
57.0,-42322.809898947446,21564.548737628527,0.7821723252011549
57.1,-42731.14547994262,20933.772165643983,0.756304101236096
57.2,-43130.089500880276,20295.479564601785,0.7304151428120574
57.300000000000004,-43519.506459342534,19649.810623393892,0.7045061596879121
57.400000000000006,-43899.26292855044,18996.907435363664,0.6785778621715202
57.5,-44269.22759949914,18336.914467493923,0.6526309611002579
57.6,-44629.27132263608,17669.978528864547,0.6266661678215226
57.7,-44979.267149069434,16996.24873838599,0.6006841941732342
57.800000000000004,-45319.0903712952,16315.876491814877,0.5746857524643333
57.900000000000006,-45648.61856342908,15629.015428060684,0.5486715554552261
58.0,-45967.73162093242,14935.821394789144,0.5226423163382664
58.1,-46276.31179981916,14236.452413330699,0.4965987487181958
58.2,-46574.243755331765,13531.068642902563,0.47054156659257174
58.300000000000004,-46861.41458007471,12819.832344151024,0.44447148433220496
58.400000000000006,-47137.71384159338,12102.907842022969,0.41838921666157647
58.5,-47403.03361938674,11380.461487975384,0.3922954786392253
58.6,-47657.26854134216,10652.661621531204,0.36619098563815844
58.7,-47900.31581958138,9919.678531189407,0.3400764533262402
58.800000000000004,-48132.07528570576,9181.684414700474,0.3139525976465657
58.900000000000006,-48352.449425430175,8438.85333871428,0.28782013479783686
59.0,-48561.34341259426,7691.36119781141,0.261679781214719
59.1,-48758.665142540456,6939.385672925968,0.23553225354821256
59.2,-48944.325264847575,6183.106189172326,0.20937826864599907
59.300000000000004,-49118.23721541013,5422.703873082519,0.1832185435327817
59.400000000000006,-49280.317247852465,4658.36150926645,0.15705379539063896
59.5,-49430.484464267596,3890.263496505685,0.1308847415393671
59.6,-49568.660845270824,3118.5958032892318,0.10471209941678555
59.7,-49694.771279358,2343.5459228047716,0.07853658655910133
59.800000000000004,-49808.74359155896,1565.3028273934026,0.05235892058122854
59.900000000000006,-49910.50857137623,784.056922481685,0.026179819157096884
60.0,-50000.0,1.8369701987210298e-11,2.8327694488239896e-15
60.1,-50077.15467678984,-786.6748087003738,-0.02617981915709788
60.2,-50141.912445014204,-1575.7730804194978,-0.05235892058122953
60.300000000000004,-50194.216216839,-2367.099148159557,-0.07853658655910231
60.400000000000006,-50234.011997556336,-3160.45614964216,-0.10471209941678655
60.5,-50261.2489090452,-3955.6460762788524,-0.13088474153936588
60.6,-50275.87921245555,-4752.469822584928,-0.15705379539063996
60.7,-50277.85833010784,-5550.727236022035,-0.1832185435327827
60.800000000000004,-50267.14486660021,-6350.217167258117,-0.20937826864599784
60.900000000000006,-50243.700629115294,-7150.737520832396,-0.23553225354821355
61.0,-50207.490646919505,-7952.085306211671,-0.2616797812147178
61.1,-50158.48319004724,-8754.056689226578,-0.28782013479783564
61.2,-50096.64978716312,-9556.447043871973,-0.31395259764656674
61.300000000000004,-50021.96524259521,-10359.051004461815,-0.34007645332624126
61.400000000000006,-49934.40765253257,-11161.662518123103,-0.36619098563815944
61.5,-49833.95842038093,-11964.07489761511,-0.3922954786392241
61.6,-49720.60227126972,-12766.080874462543,-0.4183892166615774
61.7,-49594.327265705135,-13567.472652386206,-0.4444714843322081
61.800000000000004,-49455.12481236257,-14368.041961020297,-0.47054156659257274
61.900000000000006,-49302.98968001385,-15167.58010989971,-0.49659874871819454
62.0,-49137.920008582914,-15965.878042705686,-0.5226423163382653
62.1,-48959.91731932548,-16762.726391754164,-0.5486715554552271
62.2,-48768.98652412736,-17557.915532714243,-0.5746857524643322
62.300000000000004,-48565.13593391727,-18351.235639539776,-0.6006841941732352
62.400000000000006,-48348.37726618909,-19142.47673960322,-0.6266661678215236
62.5,-48118.72565162952,-19931.428769015096,-0.6526309611002566
62.6,-47876.19963984767,-20717.88162811443,-0.6785778621715212
62.7,-47620.82120420199,-21501.625237117016,-0.7045061596879153
62.800000000000004,-47352.61574572171,-22282.449591905413,-0.7304151428120585
62.900000000000006,-47071.61209611894,-23060.144819947534,-0.756304101236097
63.0,-46777.8425198893,-23834.501236326232,-0.7821723252011537
63.1,-46471.34271549714,-24605.309399868464,-0.8080191055168057
63.2,-46152.15181564348,-25372.36016935702,-0.8338437335805118
63.300000000000004,-45820.31238661456,-26135.44475980955,-0.8596455013970467
63.400000000000006,-45475.87042670831,-26894.35479881138,-0.8854237015979182
63.5,-45118.875363737396,-27648.882382885586,-0.9111776274607374
63.6,-44749.3800516068,-28398.820133886817,-0.9369065729286217
63.7,-44367.44076596566,-29143.96125540086,-0.9626098326295363
63.800000000000004,-43973.11719893083,-29884.09958913835,-0.9882867018956326
63.900000000000006,-43566.47245288248,-30619.029671304612,-1.0139364767825625
64.0,-43147.57303333055,-31348.546788931886,-1.0395584540887954
64.10000000000001,-42716.48884085203,-32072.44703615774,-1.0651519313748843
64.2,-42273.29316209946,-32790.52737043422,-1.0907162069827125
64.3,-41818.06265987888,-33502.5856686548,-1.116250580054755
64.4,-41350.87736230066,-34208.420783179725,-1.1417543505532797
64.5,-40871.82065100166,-34907.83259774737,-1.1672268192795263
64.60000000000001,-40380.97924843972,-35600.62208325663,-1.1926672878929065
64.7,-39878.44320426338,-36286.59135340194,-1.2180750589301108
64.8,-39364.30588075626,-36965.54372014914,-1.243449435824273
64.9,-38838.66393735907,-37637.283749034395,-1.2687897229240297
65.0,-38301.617314271374,-38301.61731427127,-1.2940952255126017
65.10000000000001,-37753.269215133005,-38958.351653653044,-1.3193652498268673
65.2,-37193.72608879207,-39607.29542323004,-1.3445991030763296
65.3,-36623.09761015686,-40248.258751752655,-1.3697960934621598
65.4,-36041.496660139026,-40881.05329486005,-1.3949555301961487
65.5,-35449.03930468923,-41505.49228900165,-1.420076723519614
65.60000000000001,-34845.8447729283,-42121.39060507654,-1.4451589847223592
65.7,-34232.035434379904,-42728.56480177352,-1.4702016261615194
65.8,-33607.73677530489,-43326.83317860035,-1.4952039612804335
65.9,-32973.07737414644,-43916.01582858275,-1.5201653046274524
66.0,-32328.188876086046,-44495.9346906221,-1.5450849718747364
66.10000000000001,-31673.205966717247,-45066.413601495056,-1.5699622798370267
66.2,-31008.26634484256,-45627.27834747997,-1.5947965464903502
66.3,-30333.51069439677,-46178.356715596936,-1.619587090990746
66.4,-29649.082655504513,-46719.47854444481,-1.6443332336929157
66.5,-28955.1287946755,-47250.47577462262,-1.6690342961688547
66.60000000000001,-28251.79857414557,-47771.1824987189,-1.6936896012264575
66.7,-27539.24432036791,-48281.435010856185,-1.7182984729280795
66.8,-26817.621191662205,-48781.07185577504,-1.7428602366090757
66.9,-26087.08714502698,-49269.93387744465,-1.7673742188962858
67.0,-25347.802902124673,-49747.86426718389,-1.7918397477265
67.10000000000001,-24599.93191444328,-50214.70861128109,-1.816256152364895
67.2,-23843.640327644058,-50670.31493809711,-1.8406227634233896
67.3,-23079.096945103214,-51114.53376463787,-1.8649389128790428
67.4,-22306.473190653418,-51547.21814258366,-1.8892039340923363
67.5,-21525.943070536345,-51968.22370375986,-1.9134171618254483
67.60000000000001,-20737.683134570198,-52377.408705038164,-1.9375779322605169
67.7,-19941.872436546386,-52774.6340726517,-1.961685583017808
67.8,-19138.692493859067,-53159.7634459137,-1.985739453173902
67.9,-18328.327246378594,-53532.663220325296,-2.0097388832798027
68.0,-17510.96301458038,-53893.20259005869,-2.033683215379001
68.10000000000001,-16686.788456933136,-54241.25358980529,-2.057571793025547
68.2,-15855.994526562896,-54576.69113597293,-2.0814039613020068
68.3,-15018.77442719589,-54899.39306722297,-2.1051790668374526
68.4,-14175.32356839667,-55209.240184332,-2.1288964578253635
68.5,-13325.83952010803,-55506.116289367346,-2.1525554840414767
68.60000000000001,-12470.521966502307,-55789.90822416508,-2.1761554968616386
68.7,-11609.572659160349,-56060.50590809609,-2.1996958492795753
68.8,-10743.19536958151,-56317.802375111496,-2.223175895924638
68.9,-9871.595841042785,-56561.69381005327,-2.2465949930794835
69.0,-8994.98173981335,-56792.0795842204,-2.2699524986977333
69.10000000000001,-8113.562605739065,-57008.86229017846,-2.2932477724215747
69.2,-7227.549802208195,-57211.94777580156,-2.316480175599309
69.3,-6337.156465507904,-57401.24517753662,-2.339649071302866
69.4,-5442.597453587406,-57576.66695287813,-2.3627538243452695
69.5,-4544.089294237634,-57738.12891204367,-2.385793801298042
69.60000000000001,-3641.850132700078,-57885.55024883976,-2.408768370508577
69.7,-2736.0996787184718,-58018.853570707746,-2.431676902117452
69.8,-1827.0591530444767,-58137.964927940055,-2.454518768075702
69.9,-914.9512334135225,-58242.81384205673,-2.477293342162038
70.0,-2.5003205482591796e-11,-58333.333333333336,-2.4999999999999987
70.10000000000001,917.5691196322128,-58409.45994747034,-2.5226381190750975
70.2,1837.529406070574,-58471.1337813953,-2.545207078751856
70.3,2759.6529040731393,-58518.29850818874,-2.567706260290849
70.4,3683.7104790530057,-58550.901401125266,-2.590135046865652
70.5,4609.471874010891,-58568.89335682127,-2.6124928235797436
70.60000000000001,5536.705766905974,-58572.2289174812,-2.6347789774833896
70.7,6465.179828447408,-58560.86629223434,-2.656992897590415
70.8,7394.660780293884,-58534.7673775542,-2.67913397489498
70.9,8324.914453645593,-58493.89777675327,-2.701201602388277
71.0,9255.705848213685,-58438.22681854564,-2.7231951750751353
71.10000000000001,10186.799191554985,-58367.72757467036,-2.745114089990659
71.2,11117.957998753012,-58282.37687656886,-2.766957746216722
71.3,12048.945132432742,-58182.15533110993,-2.7887255448984503
71.4,12979.522863094391,-58067.047335355455,-2.8104168892606527
71.5,13909.452929747647,-57937.04109036158,-2.8320311846241646
71.60000000000001,14838.496600836437,-57792.12861400831,-2.8535678384221597
71.7,15766.414735431072,-57632.30575285342,-2.8750262602163925
71.8,16692.967844680432,-57457.57219300379,-2.8964058617133928
71.9,17617.916153502243,-57267.931469999945,-2.9177060567805886
72.0,18541.01966249682,-57063.39097770923,-2.938926261462365
72.10000000000001,19462.03821007227,-56843.961976221646,-2.9600658939960978
72.2,20380.73153475833,-56609.659598745915,-2.981124374828079
72.3,21296.85933770015,-56360.50285749954,-3.0021011266294195
72.4,22210.18134530896,-56096.51464859115,-3.0229955743118735
72.5,23120.457372057404,-55817.72175589028,-3.0438071450436017
72.60000000000001,24027.447383404273,-55524.15485388084,-3.0645352682648848
72.7,24930.911558826163,-55215.848509497395,-3.085179375703743
72.8,25830.610354947778,-54892.84118293851,-3.10573890139155
72.9,26726.304568746826,-54555.17522745742,-3.1262132816785275
73.0,27617.755400822352,-54202.896888125746,-3.1466019552491864
73.10000000000001,28504.724518706662,-53836.05629956954,-3.166904363137752
73.2,29386.97412020455,-53454.70748267572,-3.18711994874345
73.3,30264.26699674619,-53058.90834026621,-3.207248157845788
73.4,31136.366596731048,-52648.72065174123,-3.2272884386197536
73.5,32003.037088851914,-52224.21006668812,-3.2472402416509176
73.60000000000001,32864.04342537846,-51785.44609745694,-3.2671030199505284
73.7,33719.1514053852,-51332.502110701294,-3.286876228970479
73.8,34568.12773790602,-50865.45531788556,-3.3065593266182587
73.9,35410.7401049986,-50384.38676475768,-3.3261517732718056
74.0,36246.757224702495,-49889.381319788445,-3.345653031794291
74.10000000000001,37075.94891387336,-49380.527661577835,-3.365062567548867
74.2,37898.08615087577,-48857.91826523015,-3.384379848413305
74.3,38712.94113811899,-48321.649387698315,-3.4036043447945885
74.4,39520.28736441872,-47771.82105209897,-3.4227355296434436
74.5,40319.89966716557,-47208.53703100192,-3.4417728784687682
74.60000000000001,41111.55429428707,-46631.90482869354,-3.4607158693520343
74.7,41895.02896598339,-46042.035662418464,-3.4795639829615714
74.8,42670.10293622154,-45439.044442601364,-3.4983167025668256
74.9,43436.557053970355,-44823.04975205232,-3.51697351405252
75.0,44194.17382415916,-44194.173824159276,-3.5355339059327373
75.10000000000001,44942.73746834621,-43552.54252006903,-3.5539973693649634
75.2,45682.03398507513,-42898.28530486448,-3.5723633981640157
75.3,46411.85120990773,-42231.535222738305,-3.5906314888159434
75.4,47131.978875113964,-41552.42887116938,-3.6088011404918117
75.5,47842.208669001906,-40861.10637410743,-3.6268718550614363
75.60000000000001,48542.334294874796,-40157.71135416738,-3.6448431371070593
75.7,49232.15152959299,-39442.39090384403,-3.6627144939368943
75.8,49911.45828173102,-38715.295555746445,-3.68048543559867
75.9,50580.0546493085,-37976.579251862146,-3.69815547489305
76.0,51237.74297707998,-37226.39931185665,-3.71572412738697
76.10000000000001,51884.32791337032,-36464.916400411144,-3.733190911426958
76.2,52519.61646643466,-35692.29449361033,-3.7505553481522975
76.3,53143.41806033253,-34908.7008443812,-3.767816961508188
76.4,53755.544590295,-34114.305946996064,-3.784975278258784
76.5,54355.810477573315,-33309.28350064183,-3.8020298280001557
76.60000000000001,54944.03272375177,-32493.81037206533,-3.818980143173211
76.7,55520.03096450772,-31668.066557304726,-3.8358257590764966
76.80000000000001,56083.62752280735,-30832.235142509653,-3.852566213878947
76.9,56634.647461517096,-29986.502263865103,-3.869201048632531
77.0,57172.91863542028,-29131.0570666209,-3.8857298072848527
77.10000000000001,57698.271742619596,-28266.091663242478,-3.902152036691649
77.2,58210.54037531388,-27391.80109068643,-3.9184672866291983
77.30000000000001,58709.5610699333,-26508.38326681237,-3.9346751098066877
77.4,59195.17335661678,-25616.038945943346,-3.950775061878452
77.5,59667.21980802063,-24714.971673578664,-3.9667667014561747
77.60000000000001,60125.546087440256,-23805.38774027585,-3.9826495901209826
77.7,60570.00099623393,-22887.49613470686,-3.9984232924354526
77.80000000000001,61000.43652053233,-21961.50849590297,-4.014087375955574
77.9,61416.70787722145,-21027.63906469661,-4.029641411242579
78.0,61818.67355918497,-20086.10463437161,-4.045084971874736
78.10000000000001,62206.19537979133,-19137.124500535763,-4.060417634459032
78.2,62579.13851661415,-18180.920410223036,-4.075638978642772
78.30000000000001,62937.37155437133,-17217.716510240574,-4.090748587125119
78.4,63280.7665270706,-16247.739294770456,-4.105746045668521
78.5,63609.198959348,-15271.217552240481,-4.120630943110078
78.60000000000001,63922.547906987966,-14288.38231147349,-4.135402871372811
78.7,64220.69599661081,-13299.466787131292,-4.150061425476838
78.80000000000001,64503.52946451724,-12304.706324462546,-4.164606203550499
78.9,64770.93819467642,-11304.338343371091,-4.179036806841353
79.0,65022.815755846554,-10298.602281815287,-4.193352839727121
79.10000000000001,65259.05943781645,-9287.739538552249,-4.207553909726532
79.2,65479.57028675554,-8271.993415244064,-4.2216396275100765
79.30000000000001,65684.25313966314,-7251.609057933176,-4.235609606910685
79.4,65873.0166579038,-6226.833397908361,-4.249463464934319
79.5,66045.77335981972,-5197.9150919697895,-4.263200821770462
79.60000000000001,66202.43965240869,-4165.104462111012,-4.276821300802533
79.7,66342.93586205751,-3128.653434632056,-4.290324528618222
79.80000000000001,66467.18626432116,-2088.8154786954346,-4.303710135019719
79.9,66575.11911273724,-1045.845544345361,-4.316977753033858
80.0,66666.66666666666,-3.2657247977262745e-11,-4.330127018922193
80.10000000000001,66741.76521815086,1048.4634305641696,-4.3431575721909566
80.2,66800.35511777639,2099.2857317215294,-4.356069055600947
80.30000000000001,66842.3807995385,3152.20665998705,-4.368861115177327
80.4,66867.79080469419,4206.9648084640585,-4.381533400219318
80.5,66876.53780459733,5263.297671742809,-4.394085563309826
80.60000000000001,66868.57862250687,6320.941711226928,-4.406517260324962
80.7,66843.87425436084,7379.632420872779,-4.418828150443467
80.80000000000001,66802.38988850816,8439.104393329977,-4.431017896156074
80.9,66744.09492439126,9499.091386458671,-4.443086163274744
81.0,66668.96299017179,10559.32639021561,-4.455032620941839
81.10000000000001,66576.97195929347,11619.54169388351,-4.466856941639189
81.2,66468.1039659746,12679.468953633928,-4.478558801197065
81.30000000000001,66342.34541962463,13738.83926040379,-4.490137878803079
81.4,66199.68701817836,14797.383208065472,-4.501593857010969
81.5,66040.12376034219,15854.8309618803,-4.512926421749303
81.60000000000001,65863.65495674692,16910.912327210117,-4.524135262330099
81.7,65670.28424000175,17965.35681847585,-4.535220071457325
81.80000000000001,65460.019573644924,19017.893728340892,-4.5461805452353445
81.9,65232.87325998605,20068.252197104663,-4.557016383177225
82.0,64988.8619468355,21116.16128228804,-4.5677272882130024
82.10000000000001,64728.00663311789,22161.350028390076,-4.578312966697805
82.2,64450.33267336442,23203.547536802533,-4.5887731284199065
82.30000000000001,64155.86978108174,24242.48303586073,-4.59910748660869
82.4,63844.65203099324,25277.885951014614,-4.609315757942504
82.5,63516.717860150966,26309.48597509992,-4.619397662556432
82.60000000000001,63172.11006791401,27337.01313869411,-4.629352924049973
82.7,62810.87581479277,28360.197880535397,-4.6391812694946
82.80000000000001,62433.066620155325,29378.771117990047,-4.648882429441259
82.9,62038.738358795825,30392.464317546226,-4.658456137927746
83.0,61627.951256362154,31401.009565318567,-4.6679021324860095
83.10000000000001,61200.769883641995,32404.139637544784,-4.677220154149337
83.2,60757.26314970786,33401.58807105227,-4.686409947459457
83.30000000000001,60297.504293917744,34393.089233683015,-4.695471260473546
83.4,59821.57087677408,35378.378394650805,-4.704403844771127
83.5,59329.544769638946,36357.19179481805,-4.713207455460893
83.60000000000001,58821.512143306994,37329.266716870196,-4.721881851187406
83.7,58297.563455436895,38294.341555369625,-4.730426794137727
83.80000000000001,57757.79343684019,39252.15588667388,-4.738842050047929
83.9,57202.30107663287,40202.45053869259,-4.7471273882095195
84.0,56631.18960624634,41144.96766047309,-4.755282581475767
84.10000000000001,56044.56648230359,42079.45079158906,-4.763307406267931
84.2,55442.54336836098,43005.64493131715,-4.771201642581385
84.30000000000001,54825.2361155176,43923.2966075834,-4.778965073991651
84.4,54192.76474189715,44832.1539456579,-4.7865974876603365
84.5,53545.25341100219,45731.96673658377,-4.794098674340965
84.60000000000001,52882.83040894736,46622.486505317494,-4.801468428384716
84.7,52205.62812057354,47503.46657856482,-4.8087065477460555
84.80000000000001,51513.78300444631,48374.66215229413,-4.81581283398829
84.9,50807.43556674563,49235.83035890621,-4.822787092288991
85.0,50086.730334047104,50086.73033404714,-4.8296291314453415
85.10000000000001,49351.8158250049,50927.12328303953,-4.836338763879385
85.2,48602.844520936895,51756.77254692024,-4.842915805643156
85.30000000000001,47839.97283531968,52575.44366806289,-4.849360076423734
85.4,47063.36108219989,53382.9044553677,-4.8556713995481795
85.5,46273.173443525644,54178.92504900216,-4.861849601988382
85.60000000000001,45469.57793540655,54963.27798467297,-4.867894514365802
85.7,44652.74637330824,55735.73825741241,-4.873805970956109
85.80000000000001,43822.854336187746,56496.08338486193,-4.879583809693737
85.9,42980.081129577746,57244.093470034335,-4.885227872176318
86.0,42124.60974762728,57979.551263537884,-4.890738003669028
86.10000000000001,41256.62683410522,58702.24222524544,-4.896114053108828
86.2,40376.322642377985,59411.95458538941,-4.90135587310861
86.30000000000001,39483.89099436564,60108.47940506811,-4.906463319961226
86.4,38579.52923848771,60791.61063614513,-4.911436253643443
86.5,37663.43820660798,61461.14518052414,-4.916274537819772
86.60000000000001,36735.82216998498,62116.8829487847,-4.92097803984621
86.7,35796.88879424146,62758.62691815931,-4.925546630773869
86.80000000000001,34846.84909335738,63386.18318983949,-4.929980185352525
86.9,33885.917382703105,63999.3610455896,-4.934278582034037
87.0,32914.31123111724,64597.973003656625,-4.938441702975688
87.10000000000001,31932.25141204177,65181.83487395806,-4.942469434043418
87.2,30939.961853728604,65750.76581253076,-4.946361664814941
87.30000000000001,29937.669588521487,66304.58837522873,-4.950118288582789
87.4,28925.60470123319,66843.12857064996,-4.953739202357218
87.5,27904.00027662119,67366.21591228129,-4.957224306869051
87.60000000000001,26873.09234598139,67873.6834698424,-4.9605735065723895
87.7,25833.11983286745,68365.3679198161,-4.963786709647228
87.80000000000001,24784.324497947062,68841.10959515088,-4.966863828001983
87.9,23726.950883014415,69300.7525341177,-4.969804777275899
88.0,22661.246254162972,69744.14452831121,-4.972609476841367
88.10000000000001,21587.4605441383,70171.13716977742,-4.975277849806131
88.2,20505.8462938834,70581.5858972553,-4.9778098230154
88.30000000000001,19416.658593285225,70975.35004151969,-4.980205327053849
88.4,18320.15502114437,71352.29286980914,-4.982464296247522
88.5,17216.59558437303,71712.28162932865,-4.9845866686656395
88.60000000000001,16106.242656444678,72055.18758981087,-4.98657238612229
88.7,14989.360915102232,72380.88608512552,-4.988421394178026
88.80000000000001,13866.217279343588,72689.25655392298,-4.990133642141358
88.9,12737.080845699624,72980.1825792995,-4.991709083070142
89.0,11602.2228238171,73253.55192747273,-4.99314767377287
89.10000000000001,10461.916471365428,73509.25658545441,-4.99444937480985
89.2,9316.43702827994,73747.19279770953,-4.995614150494292
89.30000000000001,8166.061650358548,73967.26110178964,-4.9966419688932815
89.4,7011.069342229318,74169.36636292946,-4.997532801828658
89.5,5851.740889701842,74353.41780759578,-4.998286624877786
89.60000000000001,4688.35879152208,74519.32905597762,-4.998903417374228
89.7,3521.2071905457437,74667.01815340726,-4.999383162408303
89.80000000000001,2350.571804346496,74796.40760070225,-4.999725846827561
89.9,1176.7398552772004,74907.42438341775,-4.999931461237134
90.0,4.133182947122317e-11,75000.0,-5.0
90.10000000000001,-1179.3577414958875,75074.07048883135,-4.999931461237134
90.2,-2361.0420573727224,75129.57645415749,-4.999725846827561
90.30000000000001,-3544.760415900615,75166.46309088824,-4.999383162408303
90.4,-4730.219137875008,75184.68020826313,-4.998903417374228
90.5,-5917.123469474965,75184.1822523734,-4.998286624877786
90.60000000000001,-7105.177655548017,75164.92832753254,-4.997532801828657
90.7,-8294.085013298149,75126.88221648733,-4.9966419688932815
90.80000000000001,-9483.548006365727,75070.01239946215,-4.995614150494292
90.9,-10673.268319271983,74994.29207202923,-4.99444937480985
91.0,-11862.946932217399,74899.69916179797,-4.993147673772869
91.10000000000001,-13052.284196211927,74786.21634391657,-4.991709083070141
91.2,-14240.979908515083,74653.83105538033,-4.990133642141358
91.30000000000001,-15428.733388374863,74502.5355081393,-4.988421394178026
91.4,-16615.243553036657,74332.32670100126,-4.98657238612229
91.5,-17800.208994012715,74143.20643032287,-4.98458666866564
91.60000000000001,-18983.328053584035,73935.18129948548,-4.982464296247521
91.7,-20164.29890152049,73708.2627271501,-4.980205327053848
91.80000000000001,-21342.819612001145,73462.46695428614,-4.9778098230154
91.9,-22518.58824070731,73197.81504997211,-4.975277849806131
92.0,-23691.30290207939,72914.33291596176,-4.972609476841367
92.10000000000001,-24860.661846707982,72612.05129001409,-4.969804777275899
92.2,-26026.3635388465,72291.005747983,-4.966863828001983
92.30000000000001,-27188.10673402133,71951.23670466391,-4.963786709647227
92.4,-28345.590556720137,71592.78941339538,-4.9605735065723895
92.5,-29498.51457814233,71215.7139644117,-4.957224306869053
92.60000000000001,-30646.578893983955,70820.0652819472,-4.953739202357218
92.7,-31789.48420224476,70405.90312008811,-4.950118288582788
92.80000000000001,-32926.931881032324,69973.29205737218,-4.946361664814941
92.9,-34058.6240663454,69522.30149013436,-4.942469434043418
93.0,-35184.2637298149,69053.00562459849,-4.938441702975689
93.10000000000001,-36303.55475638278,68565.4834677145,-4.934278582034036
93.2,-37416.202021899895,68059.81881674007,-4.929980185352524
93.30000000000001,-38521.91147061976,67536.10024756934,-4.925546630773869
93.4,-39620.39019257068,66994.42110180689,-4.92097803984621
93.5,-40711.34650078428,66434.87947258973,-4.916274537819773
93.60000000000001,-41794.490008361725,65857.57818915718,-4.911436253643443
93.7,-42869.531705354166,65262.624800172416,-4.906463319961226
93.80000000000001,-43936.18403544163,64650.13155579486,-4.901355873108608
93.9,-44994.160972386584,64020.21538850808,-4.896114053108828
94.0,-46043.17809624369,63372.99789270424,-4.890738003669028
94.10000000000001,-47082.95266930488,62708.605303029275,-4.885227872176318
94.2,-48113.20371175861,62027.168471491736,-4.879583809693738
94.30000000000001,-49133.6520770475,61328.82284333708,-4.8738059709561075
94.4,-50144.02052689698,60613.708431695384,-4.867894514365801
94.5,-51144.03380600196,59881.96979100245,-4.861849601988383
94.60000000000001,-52133.41871634794,59133.75598920121,-4.85567139954818
94.7,-53111.90419114626,58369.22057872864,-4.849360076423734
94.80000000000001,-54079.22136836654,57588.5215662914,-4.842915805643155
94.9,-55035.10366384227,56791.821381438785,-4.836338763879384
95.0,-55979.28684393492,55979.286843935086,-4.829629131445341
95.10000000000001,-56911.509097732785,55151.089129940854,-4.822787092288989
95.2,-57831.51110876532,54307.40373700929,-4.815812833988291
95.30000000000001,-58739.036126218074,53448.41044790102,-4.808706547746056
95.4,-59633.830035621526,52574.29329323033,-4.801468428384715
95.5,-60515.641429002404,51685.24051294384,-4.794098674340966
95.60000000000001,-61384.22167447129,50781.44451664552,-4.7865974876603365
95.7,-62239.32498523174,49863.10184277256,-4.77896507399165
95.80000000000001,-63080.708487992684,48930.413116629206,-4.771201642581383
95.9,-63908.13229076001,47983.58300729354,-4.763307406267931
96.0,-64721.35954999577,47022.82018339789,-4.755282581475768
96.10000000000001,-65520.15653712064,46048.337267799216,-4.747127388209519
96.2,-66304.292704344,45060.35079114585,-4.7388420500479285
96.30000000000001,-67073.54074980378,44059.08114434996,-4.730426794137727
96.4,-67827.67668199516,43044.75252997946,-4.721881851187405
96.5,-68566.47988347492,42017.59291257423,-4.713207455460892
96.60000000000001,-69289.73317381748,40977.833967904844,-4.704403844771127
96.7,-69997.22287181098,39925.71103117808,-4.695471260473545
96.80000000000001,-70688.73885687169,38861.463044205004,-4.686409947459458
96.9,-71364.07462966198,37785.332501541336,-4.677220154149337
97.0,-72023.02737189307,36697.56539561334,-4.66790213248601
97.10000000000001,-72665.39800529646,35598.411160841184,-4.658456137927743
97.2,-73290.99124974759,34488.122616770874,-4.648882429441256
97.30000000000001,-73899.61568052406,33366.95591023084,-4.6391812694946
97.4,-74491.0837846832,32235.1704565229,-4.629352924049974
97.5,-75065.21201654202,31093.028879663623,-4.619397662556435
97.60000000000001,-75621.82085224443,29940.79695168716,-4.609315757942502
97.7,-76160.73484339839,28778.74353102781,-4.599107486608688
97.80000000000001,-76681.78266976941,27607.140499991143,-4.588773128419904
97.9,-77184.79719101392,26426.262701332333,-4.578312966697806
98.0,-77669.61549743754,25236.38787395409,-4.567727288213005
98.10000000000001,-78136.07895976354,24037.796587740697,-4.557016383177226
98.2,-78584.03327789648,22830.772177543655,-4.546180545235343
98.30000000000001,-79013.32852866796,21615.600676330127,-4.535220071457324
98.4,-79423.81921254777,20392.570747518028,-4.524135262330096
98.5,-79815.36429930924,19161.973616505722,-4.512926421749304
98.60000000000001,-80187.82727263376,17924.103001415864,-4.501593857010967
98.7,-80541.07617364023,16679.25504307318,-4.490137878803078
98.80000000000001,-80874.98364332874,15427.728234224482,-4.478558801197064
98.9,-81189.42696392261,14169.823348028045,-4.466856941639187
99.0,-81484.28809909883,12905.843365819168,-4.45503262094184
99.10000000000001,-81759.4537330924,11636.093404178613,-4.443086163274743
99.2,-82014.81530866351,10360.88064131581,-4.4310178961560736
99.30000000000001,-82250.26906391614,9080.514242783924,-4.418828150443465
99.4,-82465.71606795513,7795.305286550277,-4.406517260324961
99.5,-82661.06225537187,6505.56668743375,-4.394085563309827
99.60000000000001,-82836.21845954655,5211.613120932884,-4.381533400219319
99.7,-82991.100444757,3913.76094645958,-4.368861115177328
99.80000000000001,-83125.62893708335,2612.3281299975583,-4.356069055600945
99.9,-83239.72965409825,1307.6341662090408,-4.343157572190955
100.0,-83333.33333333334,5.102694996447306e-11,-4.330127018922193
100.10000000000001,-83406.37575951187,-1310.2520524277238,-4.316977753033859
100.2,-83458.79779053859,-2622.798383023795,-4.3037101350197196
100.30000000000001,-83490.545382238,-3937.3141718144484,-4.290324528618223
100.4,-83501.56961183206,-5253.473467285805,-4.276821300802532
100.5,-83491.82670014947,-6570.949267207,-4.26320082177046
100.60000000000001,-83461.27803255821,-7889.413599868837,-4.249463464934317
100.7,-83409.89017861383,-9208.53760572352,-4.235609606910687
100.80000000000001,-83337.63491041615,-10527.991619401597,-4.221639627510075
100.9,-83244.48921966722,-11847.44525208518,-4.207553909726531
101.0,-83130.43533342409,-13166.567474219455,-4.193352839727122
101.10000000000001,-82995.46072853972,-14485.026698540196,-4.179036806841348
101.2,-82839.55814478609,-15802.490863396119,-4.164606203550496
101.30000000000001,-82662.72559665405,-17118.62751634567,-4.150061425476837
101.4,-82464.96638382414,-18433.103898007987,-4.1354028713728095
101.5,-82246.2891003035,-19745.587026145244,-4.120630943110079
101.60000000000001,-82006.7076422241,-21055.743779957833,-4.1057460456685195
101.7,-81746.24121429838,-22363.240984565397,-4.090748587125118
101.80000000000001,-81464.91433492735,-23667.74549566125,-4.07563897864277
101.9,-81162.7568399582,-24968.92428430984,-4.060417634459031
102.0,-80839.80388508811,-26266.444521870337,-4.045084971874738
102.10000000000001,-80496.09594691027,-27559.973665026042,-4.029641411242578
102.2,-80131.67882260156,-28849.17954089059,-4.014087375955572
102.30000000000001,-79746.6036282461,-30133.730432181957,-3.9984232924354535
102.4,-79340.92679579744,-31413.29516242592,-3.9826495901209835
102.5,-78914.71006867247,-32687.543181184592,-3.9667667014561756
102.60000000000001,-78468.02049598031,-33956.144649273934,-3.9507750618784505
102.7,-78000.93042538353,-35218.77052395386,-3.9346751098066863
102.80000000000001,-77513.517494589,-36475.0926440746,-3.9184672866291965
102.9,-77005.86462147275,-37724.783815144816,-3.9021520366916502
103.0,-76478.05999283497,-38967.51789431098,-3.8857298072848567
103.10000000000001,-75930.19705178695,-40202.96987522088,-3.869201048632529
103.2,-75362.37448377226,-41430.81597274752,-3.852566213878945
103.30000000000001,-74774.69620122093,-42650.73370755649,-3.835825759076495
103.4,-74167.2713268399,-43862.40199049019,-3.818980143173209
103.5,-73540.2141755405,-45065.50120675051,-3.802029828000157
103.60000000000001,-72893.64423500732,-46259.713299853356,-3.7849752782587824
103.7,-72227.68614490799,-47444.72185533858,-3.7678169615081907
103.80000000000001,-71542.46967474955,-48620.2121842094,-3.750555348152294
103.9,-70838.12970038335,-49785.87140608043,-3.733190911426955
104.0,-70114.80617916214,-50941.388532014294,-3.71572412738697
104.10000000000001,-69372.6441237551,-52086.45454702045,-3.6981554748930483
104.2,-68611.7935746224,-53220.7624922002,-3.6804854355986727
104.30000000000001,-67832.4095711564,-54344.00754651183,-3.6627144939368925
104.4,-67034.65212149371,-55455.88710813594,-3.644843137107058
104.5,-66218.6861710027,-56556.10087542015,-3.6268718550614363
104.60000000000001,-65384.681569455024,-57644.35092737836,-3.6088011404918103
104.7,-64532.81303688361,-58720.34180372782,-3.5906314888159447
104.80000000000001,-63663.26012813648,-59783.78058443896,-3.5723633981640153
104.9,-62776.20719613212,-60834.37696877812,-3.5539973693649616
105.0,-61871.84335382289,-61871.84335382292,-3.5355339059327386
105.10000000000001,-60950.36243487679,-62895.89491242601,-3.5169735140525216
105.2,-60011.96295308159,-63906.24967061052,-3.498316702566827
105.30000000000001,-59056.84806048267,-64902.62858437295,-3.479563982961569
105.4,-58085.225504260765,-65884.75561587537,-3.460715869352033
105.5,-57097.30758236194,-66852.35780900276,-3.44177287846877
105.60000000000001,-56093.3110978846,-67805.16536426955,-3.422735529643445
105.7,-55073.45731223679,-68742.91171305113,-3.4036043447945916
105.80000000000001,-54037.97189707079,-69665.33359112334,-3.384379848413301
105.9,-52987.084885009244,-70572.17111148576,-3.365062567548865
106.0,-51921.03061916863,-71463.16783645356,-3.3456530317942907
106.10000000000001,-50840.04770149308,-72338.07084899592,-3.3261517732718016
106.2,-49744.378939913615,-73196.63082329868,-3.3065593266182614
106.30000000000001,-48634.27129433425,-74038.60209453946,-3.286876228970479
106.4,-47509.97582147098,-74863.74272784538,-3.2671030199505284
106.5,-46371.74761854061,-75671.8145864256,-3.247240241650917
106.60000000000001,-45219.845765824466,-76462.58339885045,-3.22728843861975
106.7,-44054.53326811494,-77235.8188254625,-3.2072481578457874
106.80000000000001,-42876.07699505264,-77991.2945239039,-3.1871199487434483
106.9,-41684.74762037932,-78728.7882137345,-3.1669043631377516
107.0,-40480.81956010943,-79448.08174012955,-3.146601955249189
107.10000000000001,-39264.57090964048,-80148.96113663491,-3.1262132816785257
107.2,-38036.283379813154,-80831.21668696441,-3.1057389013915495
107.30000000000001,-36796.24223194007,-81494.64298581943,-3.085179375703742
107.4,-35544.73621181302,-82139.03899871625,-3.0645352682648825
107.5,-34282.057482706055,-82764.20812080274,-3.043807145043605
107.60000000000001,-33008.50155739282,-83369.95823464655,-3.0229955743118735
107.7,-31724.36722918829,-83956.10176698062,-3.0021011266294204
107.80000000000001,-30429.956502035235,-84522.45574438797,-2.981124374828081
107.9,-29125.574519650392,-85068.84184791008,-2.9600658939960973
108.0,-27811.529493745325,-85595.08646656381,-2.938926261462367
108.10000000000001,-26488.132631343375,-86101.02074974959,-2.9177060567805864
108.2,-25155.698061203755,-86586.48065853772,-2.896405861713394
108.30000000000001,-23814.542759374755,-87051.30701581633,-2.8750262602163907
108.4,-22464.986473891662,-87495.3455552864,-2.853567838422161
108.5,-21107.351648638134,-87918.44696928993,-2.832031184624168
108.60000000000001,-19741.96334638705,-88320.46695545665,-2.810416889260651
108.7,-18369.14917104397,-88701.26626215498,-2.78872554489845
108.80000000000001,-16989.23918910551,-89060.71073273449,-2.7669577462167174
108.9,-15602.56585035647,-89398.67134854574,-2.7451140899906568
109.0,-14209.46390782095,-89715.02427072501,-2.723195175075139
109.10000000000001,-12810.2703369918,-90009.65088073039,-2.7012016023882763
109.2,-11405.324254351845,-90282.43781961747,-2.679133974894982
109.30000000000001,-9994.96683520946,-90533.27702604262,-2.6569928975904107
109.4,-8579.541230871235,-90762.0657729808,-2.634778977483385
109.5,-7159.392485165791,-90968.70670314794,-2.6124928235797436
109.60000000000001,-5734.867450343822,-91153.1078631155,-2.5901350468656514
109.7,-4306.314702373285,-91315.18273610676,-2.5677062602908522
109.80000000000001,-2874.08445564846,-91454.85027346446,-2.545207078751856
109.9,-1438.5284771408824,-91572.03492477875,-2.5226381190750935
110.0,-2.2457531973536864e-10,-91666.66666666666,-2.4999999999999982
110.10000000000001,1441.1463633597216,-91738.68103019237,-2.4772933421620373
110.2,2884.554708674703,-91788.01912691968,-2.4545187680757055
110.30000000000001,4329.86792772831,-91814.62767358775,-2.4316769021174514
110.4,5776.7277966968995,-91818.45901540098,-2.4087683705085765
110.5,7224.775064938871,-91799.47114792555,-2.3857938012980435
110.60000000000001,8673.649544189951,-91757.62773758385,-2.362753824345269
110.7,10122.990198148887,-91692.89814074033,-2.3396490713028677
110.80000000000001,11572.435232437461,-91605.25742137013,-2.3164801755993065
110.9,13021.622184898373,-91494.68636730518,-2.2932477724215743
111.0,14470.188016221211,-91361.17150505027,-2.2699524986977346
111.10000000000001,15917.769200868597,-91204.70511316284,-2.2465949930794817
111.2,17364.00181827715,-91025.28523419182,-2.2231758959246415
111.30000000000001,18808.52164431661,-90822.91568516877,-2.199695849279573
111.4,20250.96424297886,-90597.60606664707,-2.1761554968616363
111.5,21690.965058277776,-90349.37177028415,-2.152555484041476
111.60000000000001,23128.159506331463,-90078.2339849627,-2.128896457825361
111.7,24562.183067610174,-89784.21970144671,-2.1051790668374544
111.80000000000001,25992.671379321644,-89467.3617155685,-2.0814039613020068
111.9,27419.260327912212,-89127.69862994432,-2.0575717930255424
112.0,28841.586141661697,-88765.27485421435,-2.0336832153790008
112.10000000000001,30259.285483343803,-88380.14060380653,-2.009738883279798
112.2,31671.995542934827,-87972.35189722005,-1.9857394531739017
112.30000000000001,33079.354130342304,-87541.97055182837,-1.9616855830178075
112.4,34480.999768131725,-87089.06417819946,-1.9375779322605164
112.5,35876.57178422715,-86613.70617293315,-1.913417161825452
112.60000000000001,37265.71040456363,-86115.97571001353,-1.889203934092332
112.7,38648.056845663246,-85595.95773067886,-1.8649389128790426
112.80000000000001,40023.253407117016,-85053.74293180574,-1.8406227634233894
112.9,41390.94356394397,-84489.42775281129,-1.8162561523648926
113.0,42750.77205880734,-83903.1143610713,-1.7918397477265038
113.10000000000001,44102.384994059124,-83294.91063585931,-1.7673742188962853
113.2,45445.429923594995,-82664.93015080455,-1.7428602366090775
113.30000000000001,46779.55594449307,-82013.29215487262,-1.718298472928079
113.4,48104.41378841008,-81340.12155187268,-1.693689601226457
113.5,49419.65591271659,-80645.54887849136,-1.6690342961688565
113.60000000000001,50724.93659134513,-79929.71028085735,-1.6443332336929153
113.7,52019.91200532288,-79192.74748964368,-1.619587090990748
113.80000000000001,53304.2403329773,-78434.80779370412,-1.5947965464903477
113.9,54577.581839774546,-77656.04401225847,-1.5699622798370285
114.0,55839.59896778476,-76856.61446562015,-1.5450849718747384
114.10000000000001,57089.956424736294,-76036.68294448075,-1.52016530462745
114.2,58328.32127264154,-75196.41867775324,-1.4952039612804333
114.30000000000001,59554.36301597592,-74335.99629897592,-1.470201626161517
114.4,60767.753689375146,-73455.59581129187,-1.4451589847223567
114.5,61968.16794483847,-72555.40255100286,-1.4200767235196177
114.60000000000001,63155.28313840892,-71635.60714970874,-1.3949555301961438
114.7,64328.77941630913,-70696.40549503881,-1.3697960934621616
114.80000000000001,65488.33980051125,-69737.99868998169,-1.3445991030763251
114.9,66633.65027371419,-68760.59301082525,-1.3193652498268627
115.0,67764.3998637107,-67764.39986371092,-1.2940952255126035
115.10000000000001,68880.28072711914,-66749.63573981287,-1.2687897229240295
115.2,69980.98823245552,-65716.52216915412,-1.2434494358242767
115.30000000000001,71066.22104252814,-64665.285673064005,-1.2180750589301084
115.4,72135.68119612907,-63596.15771529134,-1.1926672878929017
115.5,73189.0741890029,-62509.374651780265,-1.1672268192795259
115.60000000000001,74226.10905406768,-61405.17767912381,-1.1417543505532792
115.7,75246.49844087065,-60283.81278170088,-1.1162505800547589
115.80000000000001,76249.95869425421,-59145.53067751214,-1.090716206982712
115.9,77236.20993221163,-57990.58676272482,-1.0651519313748838
116.0,78204.97612291155,-56819.24105493913,-1.039558454088795
116.10000000000001,79155.98516087103,-55631.75813518719,-1.0139364767825623
116.2,80088.96894225346,-54428.407088681255,-0.9882867018956322
116.30000000000001,81003.66343927495,-53209.461444318804,-0.9626098326295358
116.4,81899.80877369561,-51975.19911296248,-0.9369065729286234
116.5,82777.14928937644,-50725.90232450673,-0.9111776274607392
116.60000000000001,83635.43362388323,-49461.85756374438,-0.8854237015979112
116.7,84474.41477911416,-48183.35550505152,-0.8596455013970484
116.80000000000001,85293.850190936,-46890.69094590042,-0.8338437335805093
116.9,86093.50179780686,-45584.16273921758,-0.8080191055168052
117.0,86873.13610836587,-44264.0737246058,-0.7821723252011554
117.10000000000001,87632.52426797347,-42930.730658439636,-0.7563041012360945
117.2,88371.44212418118,-41584.44414285559,-0.7304151428120581
117.30000000000001,89089.67029111489,-40225.52855364916,-0.7045061596879105
117.4,89786.99421274949,-38854.30196710272,-0.6785778621715208
117.5,90463.20422506338,-37471.08608574864,-0.6526309611002584
117.60000000000001,91118.0956170487,-36076.206163098315,-0.626666167821519
117.7,91751.46869056276,-34669.990927348925,-0.6006841941732348
117.80000000000001,92363.12881900658,-33252.77250407916,-0.574685752464334
117.9,92952.88650480633,-31824.886337968157,-0.5486715554552288
118.0,93520.55743569002,-30386.671113536726,-0.5226423163382671
118.10000000000001,94065.96253973572,-28938.46867494574,-0.496598748718192
118.2,94588.92803917886,-27480.623944864165,-0.4705415665925702
118.30000000000001,95089.2855029646,-26013.48484241969,-0.4444714843322078
118.4,95566.87189802495,-24537.402200265606,-0.41838921666157924
118.5,96021.52963927061,-23052.729680770513,-0.3922954786392281
118.60000000000001,96453.10663827951,-21559.82369135841,-0.36619098563815905
118.7,96861.45635066964,-20059.04329901507,-0.3400764533262386
118.80000000000001,97246.4378221402,-18550.75014398671,-0.31395259764656186
118.9,97607.91573316886,-17035.308352684715,-0.2878201347978375
119.0,97945.76044235114,-15513.084449823054,-0.26167978121472185
119.10000000000001,98259.84802836833,-13984.44726980516,-0.2355322535482132
119.2,98550.06033057148,-12449.767867387558,-0.20937826864599965
119.30000000000001,98816.28498816914,-10909.419427634673,-0.18321854353277567
119.4,99058.41547800644,-9363.77717519237,-0.15705379539063735
119.5,99276.35115092398,-7813.218282898009,-0.13088474153936772
119.60000000000001,99469.9972666844,-6258.121779754937,-0.10471209941678396
119.7,99639.26502745651,-4698.868458286814,-0.07853658655910416
119.80000000000001,99784.07160984555,-3135.840781299686,-0.05235892058122693
119.9,99904.34019545926,-1569.4227880725475,-0.026179819157097495
120.0,100000.0,-7.347880794884119e-11,-5.665538897647979e-15
