t,planned_x,planned_y,planned_z,planned_p1,planned_p2,planned_p3,actual_x,actual_y,actual_z,actual_p1,actual_p2,actual_p3,tracking_error_xy,tracking_error_z,segment_id,is_travel,is_retract
0.0000,-1.1210,-1.7482,0.1000,0.0000,0.0000,0.0000,-1121.0000,-1748.0000,0.1905,5.1360,0.0000,0.0000,2074.4937,0.0905,0,0,0
0.0521,-1.1210,-1.7482,0.1000,0.0167,0.0000,0.0000,-1121.0000,-1748.0000,0.1905,5.1360,0.0000,0.0000,2074.4937,0.0905,0,0,0
0.1042,-1.1210,-1.7482,0.1000,0.0679,0.0000,0.0000,-1121.0000,-1748.0000,0.1905,5.1360,0.0000,0.0000,2074.4937,0.0905,0,0,0
0.1562,-1.1210,-1.7482,0.1000,0.1286,0.0000,0.0000,-1121.0000,-1748.0000,0.1905,5.1360,0.0000,0.0000,2074.4937,0.0905,0,0,0
0.2083,-1.1210,-1.7482,0.1000,0.1893,0.0000,0.0000,-1121.0000,-1748.0000,0.1025,5.0350,0.0000,0.0000,2074.4937,0.0025,0,0,0
0.2604,-1.1210,-1.7482,0.1000,0.2500,0.0000,0.0000,-1121.0000,-1748.0000,0.1025,5.0350,0.0000,0.0000,2074.4937,0.0025,0,0,0
0.3125,-1.1210,-1.7482,0.1000,0.3107,0.0000,0.0000,-1121.0000,-1748.0000,0.1025,5.0350,0.0000,0.0000,2074.4937,0.0025,0,0,0
0.3646,-1.1210,-1.7482,0.1000,0.3714,0.0000,0.0000,-1121.0000,-1748.0000,0.1025,5.0350,0.0000,0.0000,2074.4937,0.0025,0,0,0
0.4167,-1.1210,-1.7482,0.1000,0.4321,0.0000,0.0000,-1121.0000,-1748.0000,0.1025,5.0350,0.0000,0.0000,2074.4937,0.0025,0,0,0
0.4687,-1.1210,-1.7482,0.1000,0.4833,0.0000,0.0000,-1121.0000,-1748.0000,0.1025,5.0350,0.0000,0.0000,2074.4937,0.0025,0,0,0
0.5208,-1.1210,-1.7482,0.1000,0.5000,0.0000,0.0000,-1121.0000,-1748.0000,0.1001,4.7123,0.0000,0.0000,2074.4937,0.0001,0,0,0
0.5354,-0.2495,-1.7482,0.1000,0.5173,0.0000,0.0000,-1121.0000,-1748.0000,0.1001,4.7123,0.0000,0.0000,2074.9643,0.0001,0,0,0
0.5500,0.6220,-1.7482,0.1000,0.5346,0.0000,0.0000,764.9431,-1748.0000,0.1000,4.3897,0.0000,0.0000,1906.1957,0.0000,0,0,0
0.5507,0.6220,-1.7077,0.1000,0.5354,0.0000,0.0000,622.0000,-1708.7388,0.1000,4.0720,0.0000,0.0000,1816.6083,0.0000,0,0,0
0.5514,0.6220,-1.6672,0.1000,0.5362,0.0000,0.0000,622.0000,-1708.7388,0.1000,4.0720,0.0000,0.0000,1816.6463,0.0000,0,0,0
0.5660,-0.2495,-1.6672,0.1000,0.5535,0.0000,0.0000,197.0518,-1667.0000,0.1000,3.7546,0.0000,0.0000,1676.9798,0.0000,0,0,0
0.5806,-1.1210,-1.6672,0.1000,0.5707,0.0000,0.0000,-1132.2185,-1667.0000,0.1000,3.4300,0.0000,0.0000,2013.1355,0.0000,0,0,0
0.5812,-1.1210,-1.6267,0.1000,0.5715,0.0000,0.0000,-1132.2185,-1667.0000,0.1000,3.4300,0.0000,0.0000,2013.1691,0.0000,0,0,0
0.5819,-1.1210,-1.5862,0.1000,0.5723,0.0000,0.0000,-1132.2185,-1667.0000,0.1000,3.4300,0.0000,0.0000,2013.2026,0.0000,0,0,0
0.5965,-0.2495,-1.5862,0.1000,0.5896,0.0000,0.0000,-245.2382,-1586.0000,0.1000,3.1135,0.0000,0.0000,1603.2425,0.0000,0,0,0
0.6111,0.6220,-1.5862,0.1000,0.6069,0.0000,0.0000,-245.2382,-1586.0000,0.1000,2.7944,0.0000,0.0000,1603.3759,0.0000,0,0,0
0.6118,0.6220,-1.5457,0.1000,0.6077,0.0000,0.0000,622.0000,-1546.4403,0.1000,2.7944,0.0000,0.0000,1665.1757,0.0000,0,0,0
0.6125,0.6220,-1.5052,0.1000,0.6085,0.0000,0.0000,622.0000,-1546.4403,0.1000,2.4673,0.0000,0.0000,1665.2133,0.0000,0,0,0
0.6271,-0.2495,-1.5052,0.1000,0.6258,0.0000,0.0000,-287.8330,-1505.0000,0.1000,2.1452,0.0000,0.0000,1530.7517,0.0000,0,0,0
0.6417,-1.1210,-1.5052,0.1000,0.6431,0.0000,0.0000,-1112.5621,-1505.0000,0.1000,1.8263,0.0000,0.0000,1869.7053,0.0000,0,0,0
0.6423,-1.1210,-1.4647,0.1000,0.6439,0.0000,0.0000,-1112.5621,-1505.0000,0.1000,1.8263,0.0000,0.0000,1869.7379,0.0000,0,0,0
0.6430,-1.1210,-1.4242,0.1000,0.6447,0.0000,0.0000,-1112.5621,-1505.0000,0.1000,1.8263,0.0000,0.0000,1869.7704,0.0000,0,0,0
0.6451,-0.9969,-1.4242,0.1000,0.6471,0.0000,0.0000,-994.1941,-1424.0000,0.1000,1.8263,0.0000,0.0000,1734.9820,0.0000,0,0,0
0.6472,-0.8728,-1.4242,0.1000,0.6496,0.0000,0.0000,-994.1941,-1424.0000,0.1000,1.5042,0.0000,0.0000,1735.0531,0.0000,0,0,0
0.6522,-0.5749,-1.4242,0.1000,0.6555,0.0000,0.0000,-578.3102,-1424.0000,0.1000,1.1824,0.0000,0.0000,1535.4153,0.0000,0,0,0
0.6571,-0.2770,-1.4242,0.1000,0.6614,0.0000,0.0000,-578.3102,-1424.0000,0.1000,1.1824,0.0000,0.0000,1535.5274,0.0000,0,0,0
0.6576,-0.2482,-1.4242,0.1000,0.6620,0.0000,0.0000,-578.3102,-1424.0000,0.1000,1.1824,0.0000,0.0000,1535.5382,0.0000,0,0,0
0.6581,-0.2195,-1.4242,0.1000,0.6626,0.0000,0.0000,-225.6422,-1424.0000,0.1000,0.8628,0.0000,0.0000,1440.3254,0.0000,0,0,0
0.6631,0.0771,-1.4242,0.1000,0.6684,0.0000,0.0000,-225.6422,-1424.0000,0.1000,0.8628,0.0000,0.0000,1440.3719,0.0000,0,0,0
0.6680,0.3737,-1.4242,0.1000,0.6743,0.0000,0.0000,194.5633,-1424.0000,0.1000,0.6740,0.0000,0.0000,1435.7686,0.0000,0,0,0
0.6701,0.4979,-1.4242,0.1000,0.6768,0.0000,0.0000,514.7368,-1424.0000,0.1000,0.6733,0.0000,0.0000,1512.6677,0.0000,0,0,0
0.6722,0.6220,-1.4242,0.1000,0.6792,0.0000,0.0000,620.3532,-1424.0000,0.1000,0.6764,0.0000,0.0000,1551.7051,0.0000,0,0,0
0.6729,0.6220,-1.3837,0.1000,0.6800,0.0000,0.0000,620.3532,-1424.0000,0.1000,0.6764,0.0000,0.0000,1551.7422,0.0000,0,0,0
0.6736,0.6220,-1.3432,0.1000,0.6808,0.0000,0.0000,622.0000,-1346.8961,0.1000,0.6793,0.0000,0.0000,1482.1010,0.0000,0,0,0
0.6756,0.4979,-1.3432,0.1000,0.6833,0.0000,0.0000,622.0000,-1346.8961,0.1000,0.6793,0.0000,0.0000,1482.1530,0.0000,0,0,0
0.6777,0.3737,-1.3432,0.1000,0.6858,0.0000,0.0000,622.0000,-1346.8961,0.1000,0.6793,0.0000,0.0000,1482.2051,0.0000,0,0,0
0.6824,0.0915,-1.3432,0.1000,0.6914,0.0000,0.0000,88.7382,-1343.0000,0.1000,0.6847,0.0000,0.0000,1344.5822,0.0000,0,0,0
0.6872,-0.1907,-1.3432,0.1000,0.6970,0.0000,0.0000,88.7382,-1343.0000,0.1000,0.6847,0.0000,0.0000,1344.6008,0.0000,0,0,0
0.6882,-0.2495,-1.3432,0.1000,0.6981,0.0000,0.0000,-246.0219,-1343.0000,0.1000,0.6941,0.0000,0.0000,1363.9821,0.0000,0,0,0
0.6891,-0.3083,-1.3432,0.1000,0.6993,0.0000,0.0000,-246.0219,-1343.0000,0.1000,0.6941,0.0000,0.0000,1363.9715,0.0000,0,0,0
0.6939,-0.5906,-1.3432,0.1000,0.7049,0.0000,0.0000,-669.5077,-1343.0000,0.1000,0.6985,0.0000,0.0000,1499.1642,0.0000,0,0,0
0.6986,-0.8728,-1.3432,0.1000,0.7105,0.0000,0.0000,-869.0982,-1343.0000,0.1000,0.7040,0.0000,0.0000,1598.0796,0.0000,0,0,0
0.7007,-0.9969,-1.3432,0.1000,0.7129,0.0000,0.0000,-869.0982,-1343.0000,0.1000,0.7040,0.0000,0.0000,1598.0122,0.0000,0,0,0
0.7027,-1.1210,-1.3432,0.1000,0.7154,0.0000,0.0000,-869.0982,-1343.0000,0.1000,0.7040,0.0000,0.0000,1597.9447,0.0000,0,0,0
0.7034,-1.1210,-1.3027,0.1000,0.7162,0.0000,0.0000,-869.0982,-1343.0000,0.1000,0.7040,0.0000,0.0000,1597.9787,0.0000,0,0,0
0.7041,-1.1210,-1.2622,0.1000,0.7170,0.0000,0.0000,-1121.0000,-1303.0000,0.1000,0.7136,0.0000,0.0000,1717.1634,0.0000,0,0,0
0.7062,-0.9969,-1.2622,0.1000,0.7195,0.0000,0.0000,-998.9855,-1262.0000,0.1000,0.7169,0.0000,0.0000,1607.9307,0.0000,0,0,0
0.7083,-0.8728,-1.2622,0.1000,0.7219,0.0000,0.0000,-998.9855,-1262.0000,0.1000,0.7169,0.0000,0.0000,1608.0077,0.0000,0,0,0
0.7127,-0.6062,-1.2622,0.1000,0.7272,0.0000,0.0000,-609.6930,-1262.0000,0.1000,0.7209,0.0000,0.0000,1400.1595,0.0000,0,0,0
0.7172,-0.3397,-1.2622,0.1000,0.7325,0.0000,0.0000,-609.6930,-1262.0000,0.1000,0.7209,0.0000,0.0000,1400.2755,0.0000,0,0,0
0.7187,-0.2495,-1.2622,0.1000,0.7343,0.0000,0.0000,-215.8427,-1262.0000,0.1000,0.7295,0.0000,0.0000,1279.0388,0.0000,0,0,0
0.7202,-0.1594,-1.2622,0.1000,0.7361,0.0000,0.0000,-161.0601,-1262.0000,0.1000,0.7343,0.0000,0.0000,1270.9638,0.0000,0,0,0
0.7247,0.1072,-1.2622,0.1000,0.7414,0.0000,0.0000,-161.0601,-1262.0000,0.1000,0.7343,0.0000,0.0000,1270.9976,0.0000,0,0,0
0.7291,0.3737,-1.2622,0.1000,0.7467,0.0000,0.0000,366.4700,-1262.0000,0.1000,0.7394,0.0000,0.0000,1312.8162,0.0000,0,0,0
0.7312,0.4979,-1.2622,0.1000,0.7491,0.0000,0.0000,366.4700,-1262.0000,0.1000,0.7394,0.0000,0.0000,1312.7816,0.0000,0,0,0
0.7333,0.6220,-1.2622,0.1000,0.7516,0.0000,0.0000,366.4700,-1262.0000,0.1000,0.7394,0.0000,0.0000,1312.7470,0.0000,0,0,0
0.7340,0.6220,-1.2217,0.1000,0.7524,0.0000,0.0000,622.0000,-1197.2701,0.1000,0.7496,0.0000,0.0000,1347.8288,0.0000,0,0,0
0.7346,0.6220,-1.1811,0.1000,0.7532,0.0000,0.0000,622.0000,-1197.2701,0.1000,0.7496,0.0000,0.0000,1347.8647,0.0000,0,0,0
0.7386,0.3855,-1.1811,0.1000,0.7579,0.0000,0.0000,270.5918,-1181.0000,0.1000,0.7527,0.0000,0.0000,1210.3652,0.0000,0,0,0
0.7426,0.1490,-1.1811,0.1000,0.7626,0.0000,0.0000,151.6781,-1181.0000,0.1000,0.7573,0.0000,0.0000,1189.5098,0.0000,0,0,0
0.7449,0.0118,-1.1811,0.1000,0.7653,0.0000,0.0000,15.9158,-1181.0000,0.1000,0.7621,0.0000,0.0000,1179.9260,0.0000,0,0,0
0.7472,-0.1254,-1.1811,0.1000,0.7680,0.0000,0.0000,15.9158,-1181.0000,0.1000,0.7621,0.0000,0.0000,1179.9279,0.0000,0,0,0
0.7492,-0.2482,-1.1811,0.1000,0.7704,0.0000,0.0000,15.9158,-1181.0000,0.1000,0.7621,0.0000,0.0000,1179.9296,0.0000,0,0,0
0.7513,-0.3710,-1.1811,0.1000,0.7729,0.0000,0.0000,15.9158,-1181.0000,0.1000,0.7621,0.0000,0.0000,1179.9313,0.0000,0,0,0
0.7536,-0.5095,-1.1811,0.1000,0.7756,0.0000,0.0000,-514.8644,-1181.0000,0.1000,0.7728,0.0000,0.0000,1287.0639,0.0000,0,0,0
0.7559,-0.6480,-1.1811,0.1000,0.7784,0.0000,0.0000,-651.9117,-1181.0000,0.1000,0.7754,0.0000,0.0000,1347.6338,0.0000,0,0,0
0.7599,-0.8845,-1.1811,0.1000,0.7831,0.0000,0.0000,-887.5418,-1181.0000,0.1000,0.7781,0.0000,0.0000,1475.8501,0.0000,0,0,0
0.7638,-1.1210,-1.1811,0.1000,0.7877,0.0000,0.0000,-887.5418,-1181.0000,0.1000,0.7781,0.0000,0.0000,1475.7081,0.0000,0,0,0
0.7645,-1.1210,-1.1406,0.1000,0.7885,0.0000,0.0000,-1121.0000,-1138.9982,0.1000,0.7863,0.0000,0.0000,1596.5114,0.0000,0,0,0
0.7652,-1.1210,-1.1001,0.1000,0.7894,0.0000,0.0000,-1121.0000,-1138.9982,0.1000,0.7863,0.0000,0.0000,1596.5403,0.0000,0,0,0
0.7689,-0.9002,-1.1001,0.1000,0.7937,0.0000,0.0000,-904.0381,-1100.0000,0.1000,0.7891,0.0000,0.0000,1422.4060,0.0000,0,0,0
0.7726,-0.6794,-1.1001,0.1000,0.7981,0.0000,0.0000,-904.0381,-1100.0000,0.1000,0.7891,0.0000,0.0000,1422.5462,0.0000,0,0,0
0.7749,-0.5409,-1.1001,0.1000,0.8009,0.0000,0.0000,-499.2936,-1100.0000,0.1000,0.7953,0.0000,0.0000,1206.7871,0.0000,0,0,0
0.7772,-0.4024,-1.1001,0.1000,0.8036,0.0000,0.0000,-499.2936,-1100.0000,0.1000,0.7953,0.0000,0.0000,1206.8444,0.0000,0,0,0
0.7798,-0.2495,-1.1001,0.1000,0.8066,0.0000,0.0000,-252.1947,-1100.0000,0.1000,0.8022,0.0000,0.0000,1127.4118,0.0000,0,0,0
0.7823,-0.0967,-1.1001,0.1000,0.8097,0.0000,0.0000,-252.1947,-1100.0000,0.1000,0.8022,0.0000,0.0000,1127.4459,0.0000,0,0,0
0.7847,0.0419,-1.1001,0.1000,0.8124,0.0000,0.0000,-73.5239,-1100.0000,0.1000,0.8066,0.0000,0.0000,1101.3595,0.0000,0,0,0
0.7870,0.1804,-1.1001,0.1000,0.8152,0.0000,0.0000,177.5328,-1100.0000,0.1000,0.8121,0.0000,0.0000,1113.1194,0.0000,0,0,0
0.7907,0.4012,-1.1001,0.1000,0.8195,0.0000,0.0000,177.5328,-1100.0000,0.1000,0.8121,0.0000,0.0000,1113.0842,0.0000,0,0,0
0.7944,0.6220,-1.1001,0.1000,0.8239,0.0000,0.0000,589.1667,-1100.0000,0.1000,0.8165,0.0000,0.0000,1246.5816,0.0000,0,0,0
0.7951,0.6220,-1.0596,0.1000,0.8247,0.0000,0.0000,589.1667,-1100.0000,0.1000,0.8165,0.0000,0.0000,1246.6173,0.0000,0,0,0
0.7957,0.6220,-1.0191,0.1000,0.8255,0.0000,0.0000,622.0000,-1020.0812,0.1000,0.8247,0.0000,0.0000,1193.5653,0.0000,0,0,0
0.7992,0.4169,-1.0191,0.1000,0.8296,0.0000,0.0000,622.0000,-1020.0812,0.1000,0.8247,0.0000,0.0000,1193.6721,0.0000,0,0,0
0.8026,0.2117,-1.0191,0.1000,0.8337,0.0000,0.0000,209.2267,-1019.0000,0.1000,0.8289,0.0000,0.0000,1039.2172,0.0000,0,0,0
0.8049,0.0732,-1.0191,0.1000,0.8364,0.0000,0.0000,74.4084,-1019.0000,0.1000,0.8332,0.0000,0.0000,1020.6913,0.0000,0,0,0
0.8072,-0.0653,-1.0191,0.1000,0.8391,0.0000,0.0000,-115.1435,-1019.0000,0.1000,0.8349,0.0000,0.0000,1024.4648,0.0000,0,0,0
0.8103,-0.2495,-1.0191,0.1000,0.8428,0.0000,0.0000,-221.4766,-1019.0000,0.1000,0.8381,0.0000,0.0000,1041.7420,0.0000,0,0,0
0.8134,-0.4338,-1.0191,0.1000,0.8465,0.0000,0.0000,-221.4766,-1019.0000,0.1000,0.8381,0.0000,0.0000,1041.7029,0.0000,0,0,0
0.8157,-0.5723,-1.0191,0.1000,0.8492,0.0000,0.0000,-537.4924,-1019.0000,0.1000,0.8437,0.0000,0.0000,1150.8989,0.0000,0,0,0
0.8181,-0.7108,-1.0191,0.1000,0.8519,0.0000,0.0000,-711.6358,-1019.0000,0.1000,0.8488,0.0000,0.0000,1241.6519,0.0000,0,0,0
0.8215,-0.9159,-1.0191,0.1000,0.8560,0.0000,0.0000,-916.0000,-1019.0000,0.1000,0.8488,0.0000,0.0000,1368.8185,0.0000,0,0,0
0.8249,-1.1210,-1.0191,0.1000,0.8601,0.0000,0.0000,-916.0000,-1019.0000,0.1000,0.8517,0.0000,0.0000,1368.6813,0.0000,0,0,0
0.8262,-1.0596,-0.9786,0.1000,0.8615,0.0000,0.0000,-1066.2376,-978.8464,0.1000,0.8601,0.0000,0.0000,1445.9701,0.0000,0,0,0
0.8274,-0.9982,-0.9381,0.1000,0.8630,0.0000,0.0000,-999.6949,-938.9137,0.1000,0.8615,0.0000,0.0000,1370.1071,0.0000,0,0,0
0.8295,-0.8702,-0.9381,0.1000,0.8655,0.0000,0.0000,-870.0000,-938.0000,0.1000,0.8615,0.0000,0.0000,1278.0734,0.0000,0,0,0
0.8317,-0.7421,-0.9381,0.1000,0.8681,0.0000,0.0000,-745.1771,-938.0000,0.1000,0.8655,0.0000,0.0000,1196.7742,0.0000,0,0,0
0.8340,-0.6036,-0.9381,0.1000,0.8708,0.0000,0.0000,-608.8269,-938.0000,0.1000,0.8676,0.0000,0.0000,1117.1484,0.0000,0,0,0
0.8363,-0.4651,-0.9381,0.1000,0.8736,0.0000,0.0000,-608.8269,-938.0000,0.1000,0.8676,0.0000,0.0000,1117.2238,0.0000,0,0,0
0.8399,-0.2495,-0.9381,0.1000,0.8778,0.0000,0.0000,-182.4249,-938.0000,0.1000,0.8719,0.0000,0.0000,954.6061,0.0000,0,0,0
0.8435,-0.0339,-0.9381,0.1000,0.8821,0.0000,0.0000,-182.4249,-938.0000,0.1000,0.8719,0.0000,0.0000,954.6473,0.0000,0,0,0
0.8459,0.1046,-0.9381,0.1000,0.8849,0.0000,0.0000,105.0000,-938.0000,0.1000,0.8719,0.0000,0.0000,942.9146,0.0000,0,0,0
0.8482,0.2431,-0.9381,0.1000,0.8876,0.0000,0.0000,105.0000,-938.0000,0.1000,0.8796,0.0000,0.0000,942.8992,0.0000,0,0,0
0.8503,0.3711,-0.9381,0.1000,0.8902,0.0000,0.0000,105.0000,-938.0000,0.1000,0.8796,0.0000,0.0000,942.8850,0.0000,0,0,0
0.8525,0.4992,-0.9381,0.1000,0.8927,0.0000,0.0000,495.5153,-938.0000,0.1000,0.8885,0.0000,0.0000,1059.7764,0.0000,0,0,0
0.8532,0.5148,-0.8976,0.1000,0.8936,0.0000,0.0000,495.5153,-938.0000,0.1000,0.8885,0.0000,0.0000,1059.8049,0.0000,0,0,0
0.8539,0.5305,-0.8571,0.1000,0.8944,0.0000,0.0000,495.5153,-938.0000,0.1000,0.8885,0.0000,0.0000,1059.8334,0.0000,0,0,0
0.8561,0.4025,-0.8571,0.1000,0.8970,0.0000,0.0000,404.6008,-857.0000,0.1000,0.8938,0.0000,0.0000,946.7613,0.0000,0,0,0
0.8582,0.2744,-0.8571,0.1000,0.8995,0.0000,0.0000,404.6008,-857.0000,0.1000,0.8938,0.0000,0.0000,946.8160,0.0000,0,0,0
0.8605,0.1359,-0.8571,0.1000,0.9022,0.0000,0.0000,404.6008,-857.0000,0.1000,0.8938,0.0000,0.0000,946.8751,0.0000,0,0,0
0.8628,-0.0026,-0.8571,0.1000,0.9050,0.0000,0.0000,75.0051,-857.0000,0.1000,0.8996,0.0000,0.0000,859.4224,0.0000,0,0,0
0.8670,-0.2495,-0.8571,0.1000,0.9099,0.0000,0.0000,75.0051,-857.0000,0.1000,0.8996,0.0000,0.0000,859.4440,0.0000,0,0,0
0.8711,-0.4965,-0.8571,0.1000,0.9148,0.0000,0.0000,-481.7130,-857.0000,0.1000,0.8996,0.0000,0.0000,982.1151,0.0000,0,0,0
0.8734,-0.6350,-0.8571,0.1000,0.9175,0.0000,0.0000,-638.9086,-857.0000,0.1000,0.9146,0.0000,0.0000,1067.8829,0.0000,0,0,0
0.8758,-0.7735,-0.8571,0.1000,0.9203,0.0000,0.0000,-638.9086,-857.0000,0.1000,0.9146,0.0000,0.0000,1067.8001,0.0000,0,0,0
0.8779,-0.9002,-0.8571,0.1000,0.9228,0.0000,0.0000,-898.6052,-857.0000,0.1000,0.9188,0.0000,0.0000,1240.5059,0.0000,0,0,0
0.8800,-1.0270,-0.8571,0.1000,0.9253,0.0000,0.0000,-898.6052,-857.0000,0.1000,0.9188,0.0000,0.0000,1240.4142,0.0000,0,0,0
0.8807,-1.0426,-0.8166,0.1000,0.9262,0.0000,0.0000,-1043.0000,-817.0000,0.1000,0.9188,0.0000,0.0000,1323.5673,0.0000,0,0,0
0.8815,-1.0583,-0.7761,0.1000,0.9270,0.0000,0.0000,-1043.0000,-817.0000,0.1000,0.9241,0.0000,0.0000,1323.5800,0.0000,0,0,0
0.8836,-0.9316,-0.7761,0.1000,0.9295,0.0000,0.0000,-1043.0000,-817.0000,0.1000,0.9241,0.0000,0.0000,1323.6797,0.0000,0,0,0
0.8857,-0.8048,-0.7761,0.1000,0.9320,0.0000,0.0000,-801.8982,-776.0000,0.1000,0.9278,0.0000,0.0000,1114.7747,0.0000,0,0,0
0.8880,-0.6663,-0.7761,0.1000,0.9348,0.0000,0.0000,-668.6075,-776.0000,0.1000,0.9312,0.0000,0.0000,1023.2876,0.0000,0,0,0
0.8903,-0.5278,-0.7761,0.1000,0.9375,0.0000,0.0000,-668.6075,-776.0000,0.1000,0.9312,0.0000,0.0000,1023.3780,0.0000,0,0,0
0.8926,-0.3906,-0.7761,0.1000,0.9403,0.0000,0.0000,-668.6075,-776.0000,0.1000,0.9312,0.0000,0.0000,1023.4676,0.0000,0,0,0
0.8949,-0.2534,-0.7761,0.1000,0.9430,0.0000,0.0000,-282.0053,-776.0000,0.1000,0.9367,0.0000,0.0000,824.8371,0.0000,0,0,0
0.8951,-0.2456,-0.7761,0.1000,0.9431,0.0000,0.0000,-282.0053,-776.0000,0.1000,0.9367,0.0000,0.0000,824.8397,0.0000,0,0,0
0.8952,-0.2378,-0.7761,0.1000,0.9433,0.0000,0.0000,-282.0053,-776.0000,0.1000,0.9367,0.0000,0.0000,824.8424,0.0000,0,0,0
0.8974,-0.1045,-0.7761,0.1000,0.9459,0.0000,0.0000,-100.1431,-776.0000,0.1000,0.9428,0.0000,0.0000,781.6520,0.0000,0,0,0
0.8997,0.0288,-0.7761,0.1000,0.9486,0.0000,0.0000,-100.1431,-776.0000,0.1000,0.9428,0.0000,0.0000,781.6690,0.0000,0,0,0
0.9020,0.1673,-0.7761,0.1000,0.9513,0.0000,0.0000,160.7313,-776.0000,0.1000,0.9477,0.0000,0.0000,791.6773,0.0000,0,0,0
0.9043,0.3058,-0.7761,0.1000,0.9541,0.0000,0.0000,160.7313,-776.0000,0.1000,0.9477,0.0000,0.0000,791.6492,0.0000,0,0,0
0.9064,0.4325,-0.7761,0.1000,0.9566,0.0000,0.0000,160.7313,-776.0000,0.1000,0.9477,0.0000,0.0000,791.6235,0.0000,0,0,0
0.9085,0.5593,-0.7761,0.1000,0.9591,0.0000,0.0000,560.6643,-776.0000,0.1000,0.9565,0.0000,0.0000,956.3941,0.0000,0,0,0
0.9093,0.5750,-0.7356,0.1000,0.9600,0.0000,0.0000,560.6643,-776.0000,0.1000,0.9565,0.0000,0.0000,956.4178,0.0000,0,0,0
0.9100,0.5906,-0.6951,0.1000,0.9608,0.0000,0.0000,591.0000,-693.5025,0.1000,0.9596,0.0000,0.0000,910.2556,0.0000,0,0,0
0.9121,0.4639,-0.6951,0.1000,0.9633,0.0000,0.0000,591.0000,-693.5025,0.1000,0.9596,0.0000,0.0000,910.3378,0.0000,0,0,0
0.9142,0.3371,-0.6951,0.1000,0.9658,0.0000,0.0000,338.2133,-695.0000,0.1000,0.9616,0.0000,0.0000,772.1526,0.0000,0,0,0
0.9166,0.1986,-0.6951,0.1000,0.9686,0.0000,0.0000,203.9526,-695.0000,0.1000,0.9652,0.0000,0.0000,723.5848,0.0000,0,0,0
0.9189,0.0601,-0.6951,0.1000,0.9713,0.0000,0.0000,203.9526,-695.0000,0.1000,0.9652,0.0000,0.0000,723.6238,0.0000,0,0,0
0.9211,-0.0731,-0.6951,0.1000,0.9740,0.0000,0.0000,-72.7149,-695.0000,0.1000,0.9652,0.0000,0.0000,698.0947,0.0000,0,0,0
0.9233,-0.2064,-0.6951,0.1000,0.9766,0.0000,0.0000,-72.7149,-695.0000,0.1000,0.9699,0.0000,0.0000,698.0808,0.0000,0,0,0
0.9240,-0.2456,-0.6951,0.1000,0.9774,0.0000,0.0000,-72.7149,-695.0000,0.1000,0.9699,0.0000,0.0000,698.0767,0.0000,0,0,0
0.9247,-0.2848,-0.6951,0.1000,0.9782,0.0000,0.0000,-72.7149,-695.0000,0.1000,0.9699,0.0000,0.0000,698.0727,0.0000,0,0,0
0.9270,-0.4220,-0.6951,0.1000,0.9809,0.0000,0.0000,-432.2494,-695.0000,0.1000,0.9769,0.0000,0.0000,817.6394,0.0000,0,0,0
0.9292,-0.5592,-0.6951,0.1000,0.9836,0.0000,0.0000,-562.8420,-695.0000,0.1000,0.9809,0.0000,0.0000,893.4323,0.0000,0,0,0
0.9316,-0.6977,-0.6951,0.1000,0.9864,0.0000,0.0000,-698.0225,-695.0000,0.1000,0.9809,0.0000,0.0000,984.0332,0.0000,0,0,0
0.9339,-0.8362,-0.6951,0.1000,0.9891,0.0000,0.0000,-698.0225,-695.0000,0.1000,0.9832,0.0000,0.0000,983.9350,0.0000,0,0,0
0.9360,-0.9629,-0.6951,0.1000,0.9916,0.0000,0.0000,-965.7583,-695.0000,0.1000,0.9884,0.0000,0.0000,1188.6503,0.0000,0,0,0
0.9381,-1.0897,-0.6951,0.1000,0.9941,0.0000,0.0000,-965.7583,-695.0000,0.1000,0.9884,0.0000,0.0000,1188.5474,0.0000,0,0,0
0.9389,-1.1041,-0.6546,0.1000,0.9950,0.0000,0.0000,-965.7583,-695.0000,0.1000,0.9884,0.0000,0.0000,1188.5594,0.0000,0,0,0
0.9396,-1.1184,-0.6141,0.1000,0.9958,0.0000,0.0000,-1120.1106,-604.0951,0.1000,0.9950,0.0000,0.0000,1271.3508,0.0000,0,0,0
0.9417,-0.9930,-0.6141,0.1000,0.9983,0.0000,0.0000,-1120.1106,-604.0951,0.1000,0.9950,0.0000,0.0000,1271.4612,0.0000,0,0,0
0.9438,-0.8676,-0.6141,0.1000,1.0008,0.0000,0.0000,-1120.1106,-604.0951,0.1000,0.9950,0.0000,0.0000,1271.5716,0.0000,0,0,0
0.9461,-0.7291,-0.6141,0.1000,1.0036,0.0000,0.0000,-844.5140,-614.0000,0.1000,0.9981,0.0000,0.0000,1043.1756,0.0000,0,0,0
0.9484,-0.5906,-0.6141,0.1000,1.0063,0.0000,0.0000,-844.5140,-614.0000,0.1000,0.9981,0.0000,0.0000,1043.2876,0.0000,0,0,0
0.9507,-0.4534,-0.6141,0.1000,1.0090,0.0000,0.0000,-436.5723,-614.0000,0.1000,1.0044,0.0000,0.0000,752.6234,0.0000,0,0,0
0.9530,-0.3162,-0.6141,0.1000,1.0117,0.0000,0.0000,-318.4811,-614.0000,0.1000,1.0088,0.0000,0.0000,690.9929,0.0000,0,0,0
0.9542,-0.2456,-0.6141,0.1000,1.0131,0.0000,0.0000,-246.0000,-614.0000,0.1000,1.0088,0.0000,0.0000,660.7855,0.0000,0,0,0
0.9554,-0.1750,-0.6141,0.1000,1.0145,0.0000,0.0000,-246.0000,-614.0000,0.1000,1.0115,0.0000,0.0000,660.8118,0.0000,0,0,0
0.9576,-0.0418,-0.6141,0.1000,1.0172,0.0000,0.0000,-246.0000,-614.0000,0.1000,1.0115,0.0000,0.0000,660.8614,0.0000,0,0,0
0.9598,0.0915,-0.6141,0.1000,1.0198,0.0000,0.0000,101.5734,-614.0000,0.1000,1.0153,0.0000,0.0000,621.7241,0.0000,0,0,0
0.9622,0.2300,-0.6141,0.1000,1.0226,0.0000,0.0000,280.7903,-614.0000,0.1000,1.0187,0.0000,0.0000,674.5046,0.0000,0,0,0
0.9645,0.3685,-0.6141,0.1000,1.0253,0.0000,0.0000,362.6203,-614.0000,0.1000,1.0215,0.0000,0.0000,712.3683,0.0000,0,0,0
0.9666,0.4939,-0.6141,0.1000,1.0278,0.0000,0.0000,362.6203,-614.0000,0.1000,1.0215,0.0000,0.0000,712.3046,0.0000,0,0,0
0.9687,0.6194,-0.6141,0.1000,1.0303,0.0000,0.0000,362.6203,-614.0000,0.1000,1.0215,0.0000,0.0000,712.2408,0.0000,0,0,0
0.9694,0.6351,-0.5736,0.1000,1.0312,0.0000,0.0000,632.4419,-590.5104,0.1000,1.0269,0.0000,0.0000,864.4104,0.0000,0,0,0
0.9701,0.6507,-0.5331,0.1000,1.0320,0.0000,0.0000,652.3116,-530.4366,0.1000,1.0309,0.0000,0.0000,839.9164,0.0000,0,0,0
0.9722,0.5253,-0.5331,0.1000,1.0345,0.0000,0.0000,652.3116,-530.4366,0.1000,1.0309,0.0000,0.0000,840.0138,0.0000,0,0,0
0.9743,0.3999,-0.5331,0.1000,1.0370,0.0000,0.0000,478.0155,-533.0000,0.1000,1.0325,0.0000,0.0000,715.2886,0.0000,0,0,0
0.9766,0.2614,-0.5331,0.1000,1.0397,0.0000,0.0000,478.0155,-533.0000,0.1000,1.0325,0.0000,0.0000,715.3811,0.0000,0,0,0
0.9790,0.1229,-0.5331,0.1000,1.0425,0.0000,0.0000,151.9845,-533.0000,0.1000,1.0377,0.0000,0.0000,553.6994,0.0000,0,0,0
0.9812,-0.0117,-0.5331,0.1000,1.0452,0.0000,0.0000,-13.3885,-533.0000,0.1000,1.0421,0.0000,0.0000,532.6349,0.0000,0,0,0
0.9835,-0.1463,-0.5331,0.1000,1.0478,0.0000,0.0000,-13.3885,-533.0000,0.1000,1.0421,0.0000,0.0000,532.6316,0.0000,0,0,0
0.9852,-0.2482,-0.5331,0.1000,1.0498,0.0000,0.0000,-253.1756,-533.0000,0.1000,1.0468,0.0000,0.0000,589.4856,0.0000,0,0,0
0.9869,-0.3501,-0.5331,0.1000,1.0519,0.0000,0.0000,-253.1756,-533.0000,0.1000,1.0468,0.0000,0.0000,589.4419,0.0000,0,0,0
0.9892,-0.4860,-0.5331,0.1000,1.0546,0.0000,0.0000,-460.7054,-533.0000,0.1000,1.0504,0.0000,0.0000,703.7918,0.0000,0,0,0
0.9914,-0.6219,-0.5331,0.1000,1.0573,0.0000,0.0000,-621.0099,-533.0000,0.1000,1.0542,0.0000,0.0000,817.5588,0.0000,0,0,0
0.9938,-0.7604,-0.5331,0.1000,1.0600,0.0000,0.0000,-621.0099,-533.0000,0.1000,1.0542,0.0000,0.0000,817.4537,0.0000,0,0,0
0.9961,-0.8989,-0.5331,0.1000,1.0628,0.0000,0.0000,-905.1062,-533.0000,0.1000,1.0594,0.0000,0.0000,1049.3388,0.0000,0,0,0
0.9982,-1.0244,-0.5331,0.1000,1.0652,0.0000,0.0000,-905.1062,-533.0000,0.1000,1.0594,0.0000,0.0000,1049.2307,0.0000,0,0,0
1.0003,-1.1498,-0.5331,0.1000,1.0677,0.0000,0.0000,-905.1062,-533.0000,0.1000,1.0594,0.0000,0.0000,1049.1226,0.0000,0,0,0
1.0010,-1.1642,-0.4926,0.1000,1.0686,0.0000,0.0000,-1161.5555,-491.1748,0.1000,1.0677,0.0000,0.0000,1259.8718,0.0000,0,0,0
1.0017,-1.1785,-0.4521,0.1000,1.0694,0.0000,0.0000,-1161.5555,-491.1748,0.1000,1.0677,0.0000,0.0000,1259.8744,0.0000,0,0,0
1.0038,-1.0544,-0.4521,0.1000,1.0719,0.0000,0.0000,-1045.4903,-452.0000,0.1000,1.0691,0.0000,0.0000,1137.8673,0.0000,0,0,0
1.0059,-0.9303,-0.4521,0.1000,1.0744,0.0000,0.0000,-1045.4903,-452.0000,0.1000,1.0691,0.0000,0.0000,1137.9812,0.0000,0,0,0
1.0082,-0.7918,-0.4521,0.1000,1.0771,0.0000,0.0000,-782.5992,-452.0000,0.1000,1.0721,0.0000,0.0000,902.8391,0.0000,0,0,0
1.0105,-0.6533,-0.4521,0.1000,1.0798,0.0000,0.0000,-651.8110,-452.0000,0.1000,1.0769,0.0000,0.0000,792.4026,0.0000,0,0,0
1.0128,-0.5174,-0.4521,0.1000,1.0825,0.0000,0.0000,-651.8110,-452.0000,0.1000,1.0769,0.0000,0.0000,792.5143,0.0000,0,0,0
1.0151,-0.3815,-0.4521,0.1000,1.0852,0.0000,0.0000,-384.8933,-452.0000,0.1000,1.0820,0.0000,0.0000,593.0808,0.0000,0,0,0
1.0173,-0.2482,-0.4521,0.1000,1.0879,0.0000,0.0000,-273.3350,-452.0000,0.1000,1.0820,0.0000,0.0000,527.7044,0.0000,0,0,0
1.0195,-0.1149,-0.4521,0.1000,1.0905,0.0000,0.0000,-273.3350,-452.0000,0.1000,1.0820,0.0000,0.0000,527.7734,0.0000,0,0,0
1.0218,0.0196,-0.4521,0.1000,1.0932,0.0000,0.0000,-115.0000,-452.0000,0.1000,1.0840,0.0000,0.0000,465.9668,0.0000,0,0,0
1.0240,0.1542,-0.4521,0.1000,1.0959,0.0000,0.0000,153.9885,-452.0000,0.1000,1.0840,0.0000,0.0000,477.0331,0.0000,0,0,0
1.0264,0.2927,-0.4521,0.1000,1.0986,0.0000,0.0000,153.9885,-452.0000,0.1000,1.0922,0.0000,0.0000,476.9884,0.0000,0,0,0
1.0287,0.4312,-0.4521,0.1000,1.1013,0.0000,0.0000,434.3571,-452.0000,0.1000,1.0980,0.0000,0.0000,626.2485,0.0000,0,0,0
1.0308,0.5567,-0.4521,0.1000,1.1038,0.0000,0.0000,554.9825,-452.0000,0.1000,1.1011,0.0000,0.0000,715.0410,0.0000,0,0,0
1.0329,0.6821,-0.4521,0.1000,1.1063,0.0000,0.0000,554.9825,-452.0000,0.1000,1.1011,0.0000,0.0000,714.9437,0.0000,0,0,0
1.0336,0.6965,-0.4115,0.1000,1.1072,0.0000,0.0000,554.9825,-452.0000,0.1000,1.1011,0.0000,0.0000,714.9582,0.0000,0,0,0
1.0343,0.7108,-0.3710,0.1000,1.1080,0.0000,0.0000,710.6901,-370.6640,0.1000,1.1072,0.0000,0.0000,800.7418,0.0000,0,0,0
1.0364,0.5867,-0.3710,0.1000,1.1105,0.0000,0.0000,710.6901,-370.6640,0.1000,1.1072,0.0000,0.0000,800.8518,0.0000,0,0,0
1.0385,0.4626,-0.3710,0.1000,1.1130,0.0000,0.0000,463.0000,-371.0000,0.1000,1.1072,0.0000,0.0000,592.7113,0.0000,0,0,0
1.0408,0.3241,-0.3710,0.1000,1.1157,0.0000,0.0000,463.0000,-371.0000,0.1000,1.1101,0.0000,0.0000,592.8194,0.0000,0,0,0
1.0431,0.1856,-0.3710,0.1000,1.1184,0.0000,0.0000,186.5698,-371.0000,0.1000,1.1151,0.0000,0.0000,414.8553,0.0000,0,0,0
1.0454,0.0510,-0.3710,0.1000,1.1211,0.0000,0.0000,186.5698,-371.0000,0.1000,1.1151,0.0000,0.0000,414.9158,0.0000,0,0,0
1.0476,-0.0836,-0.3710,0.1000,1.1238,0.0000,0.0000,27.4907,-371.0000,0.1000,1.1187,0.0000,0.0000,371.6533,0.0000,0,0,0
1.0504,-0.2482,-0.3710,0.1000,1.1270,0.0000,0.0000,-249.6646,-371.0000,0.1000,1.1234,0.0000,0.0000,446.7375,0.0000,0,0,0
1.0531,-0.4129,-0.3710,0.1000,1.1303,0.0000,0.0000,-420.3916,-371.0000,0.1000,1.1263,0.0000,0.0000,560.1321,0.0000,0,0,0
1.0554,-0.5487,-0.3710,0.1000,1.1330,0.0000,0.0000,-420.3916,-371.0000,0.1000,1.1263,0.0000,0.0000,560.0302,0.0000,0,0,0
1.0577,-0.6846,-0.3710,0.1000,1.1357,0.0000,0.0000,-690.9028,-371.0000,0.1000,1.1309,0.0000,0.0000,783.4328,0.0000,0,0,0
1.0600,-0.8231,-0.3710,0.1000,1.1384,0.0000,0.0000,-690.9028,-371.0000,0.1000,1.1309,0.0000,0.0000,783.3108,0.0000,0,0,0
1.0623,-0.9616,-0.3710,0.1000,1.1412,0.0000,0.0000,-690.9028,-371.0000,0.1000,1.1309,0.0000,0.0000,783.1887,0.0000,0,0,0
1.0644,-1.0858,-0.3710,0.1000,1.1437,0.0000,0.0000,-1086.0000,-371.0000,0.1000,1.1309,0.0000,0.0000,1146.4749,0.0000,0,0,0
1.0665,-1.2099,-0.3710,0.1000,1.1461,0.0000,0.0000,-1210.0000,-371.0000,0.1000,1.1395,0.0000,0.0000,1264.3336,0.0000,0,0,0
1.0672,-1.2256,-0.3305,0.1000,1.1470,0.0000,0.0000,-1210.0000,-371.0000,0.1000,1.1438,0.0000,0.0000,1264.3304,0.0000,0,0,0
1.0679,-1.2413,-0.2900,0.1000,1.1478,0.0000,0.0000,-1210.0000,-371.0000,0.1000,1.1438,0.0000,0.0000,1264.3273,0.0000,0,0,0
1.0700,-1.1171,-0.2900,0.1000,1.1503,0.0000,0.0000,-1198.9175,-290.0000,0.1000,1.1470,0.0000,0.0000,1232.3382,0.0000,0,0,0
1.0721,-0.9930,-0.2900,0.1000,1.1528,0.0000,0.0000,-1198.9175,-290.0000,0.1000,1.1470,0.0000,0.0000,1232.4589,0.0000,0,0,0
1.0744,-0.8545,-0.2900,0.1000,1.1555,0.0000,0.0000,-852.2088,-290.0000,0.1000,1.1527,0.0000,0.0000,899.2975,0.0000,0,0,0
1.0767,-0.7160,-0.2900,0.1000,1.1583,0.0000,0.0000,-852.2088,-290.0000,0.1000,1.1527,0.0000,0.0000,899.4287,0.0000,0,0,0
1.0790,-0.5801,-0.2900,0.1000,1.1609,0.0000,0.0000,-565.7069,-290.0000,0.1000,1.1566,0.0000,0.0000,635.0592,0.0000,0,0,0
1.0813,-0.4442,-0.2900,0.1000,1.1636,0.0000,0.0000,-526.2580,-290.0000,0.1000,1.1588,0.0000,0.0000,600.3432,0.0000,0,0,0
1.0846,-0.2482,-0.2900,0.1000,1.1675,0.0000,0.0000,-257.1605,-290.0000,0.1000,1.1626,0.0000,0.0000,387.2154,0.0000,0,0,0
1.0878,-0.0522,-0.2900,0.1000,1.1714,0.0000,0.0000,-257.1605,-290.0000,0.1000,1.1626,0.0000,0.0000,387.3455,0.0000,0,0,0
1.0901,0.0824,-0.2900,0.1000,1.1741,0.0000,0.0000,159.1863,-290.0000,0.1000,1.1690,0.0000,0.0000,330.5237,0.0000,0,0,0
1.0923,0.2169,-0.2900,0.1000,1.1768,0.0000,0.0000,105.5048,-290.0000,0.1000,1.1717,0.0000,0.0000,308.2489,0.0000,0,0,0
1.0947,0.3554,-0.2900,0.1000,1.1795,0.0000,0.0000,355.8191,-290.0000,0.1000,1.1760,0.0000,0.0000,458.5698,0.0000,0,0,0
1.0970,0.4939,-0.2900,0.1000,1.1822,0.0000,0.0000,483.0854,-290.0000,0.1000,1.1791,0.0000,0.0000,562.8733,0.0000,0,0,0
1.0991,0.6181,-0.2900,0.1000,1.1847,0.0000,0.0000,483.0854,-290.0000,0.1000,1.1791,0.0000,0.0000,562.7669,0.0000,0,0,0
1.1011,0.7422,-0.2900,0.1000,1.1872,0.0000,0.0000,483.0854,-290.0000,0.1000,1.1791,0.0000,0.0000,562.6605,0.0000,0,0,0
1.1019,0.7566,-0.2495,0.1000,1.1880,0.0000,0.0000,755.0769,-247.8179,0.1000,1.1872,0.0000,0.0000,793.9076,0.0000,0,0,0
1.1026,0.7709,-0.2090,0.1000,1.1889,0.0000,0.0000,755.0769,-247.8179,0.1000,1.1872,0.0000,0.0000,793.9066,0.0000,0,0,0
1.1046,0.6481,-0.2090,0.1000,1.1913,0.0000,0.0000,640.6264,-209.0000,0.1000,1.1881,0.0000,0.0000,673.1760,0.0000,0,0,0
1.1067,0.5253,-0.2090,0.1000,1.1937,0.0000,0.0000,518.2166,-209.0000,0.1000,1.1910,0.0000,0.0000,558.2096,0.0000,0,0,0
1.1090,0.3868,-0.2090,0.1000,1.1965,0.0000,0.0000,518.2166,-209.0000,0.1000,1.1910,0.0000,0.0000,558.3380,0.0000,0,0,0
1.1113,0.2483,-0.2090,0.1000,1.1992,0.0000,0.0000,244.6859,-209.0000,0.1000,1.1965,0.0000,0.0000,321.4707,0.0000,0,0,0
1.1136,0.1124,-0.2090,0.1000,1.2019,0.0000,0.0000,244.6859,-209.0000,0.1000,1.1965,0.0000,0.0000,321.5740,0.0000,0,0,0
1.1159,-0.0235,-0.2090,0.1000,1.2046,0.0000,0.0000,-19.0854,-209.0000,0.1000,1.2009,0.0000,0.0000,209.6593,0.0000,0,0,0
1.1197,-0.2495,-0.2090,0.1000,1.2091,0.0000,0.0000,-19.0854,-209.0000,0.1000,1.2009,0.0000,0.0000,209.6389,0.0000,0,0,0
1.1235,-0.4756,-0.2090,0.1000,1.2136,0.0000,0.0000,-19.0854,-209.0000,0.1000,1.2009,0.0000,0.0000,209.6187,0.0000,0,0,0
1.1257,-0.6115,-0.2090,0.1000,1.2163,0.0000,0.0000,-583.3810,-209.0000,0.1000,1.2092,0.0000,0.0000,619.0428,0.0000,0,0,0
1.1280,-0.7473,-0.2090,0.1000,1.2190,0.0000,0.0000,-583.3810,-209.0000,0.1000,1.2092,0.0000,0.0000,618.9149,0.0000,0,0,0
1.1303,-0.8858,-0.2090,0.1000,1.2217,0.0000,0.0000,-881.8095,-209.0000,0.1000,1.2179,0.0000,0.0000,905.3288,0.0000,0,0,0
1.1326,-1.0244,-0.2090,0.1000,1.2245,0.0000,0.0000,-1020.0272,-209.0000,0.1000,1.2214,0.0000,0.0000,1040.1733,0.0000,0,0,0
1.1347,-1.1472,-0.2090,0.1000,1.2269,0.0000,0.0000,-1020.0272,-209.0000,0.1000,1.2214,0.0000,0.0000,1040.0529,0.0000,0,0,0
1.1368,-1.2700,-0.2090,0.1000,1.2293,0.0000,0.0000,-1020.0272,-209.0000,0.1000,1.2214,0.0000,0.0000,1039.9326,0.0000,0,0,0
1.1375,-1.2857,-0.1685,0.1000,1.2302,0.0000,0.0000,-1286.0009,-165.8533,0.1000,1.2214,0.0000,0.0000,1295.3550,0.0000,0,0,0
1.1382,-1.3014,-0.1280,0.1000,1.2311,0.0000,0.0000,-1286.0009,-165.8533,0.1000,1.2281,0.0000,0.0000,1295.3447,0.0000,0,0,0
1.1403,-1.1785,-0.1280,0.1000,1.2335,0.0000,0.0000,-1286.0009,-165.8533,0.1000,1.2281,0.0000,0.0000,1295.4665,0.0000,0,0,0
1.1423,-1.0557,-0.1280,0.1000,1.2359,0.0000,0.0000,-1055.3948,-128.0000,0.1000,1.2281,0.0000,0.0000,1062.0651,0.0000,0,0,0
1.1446,-0.9172,-0.1280,0.1000,1.2387,0.0000,0.0000,-926.0885,-128.0000,0.1000,1.2319,0.0000,0.0000,933.9664,0.0000,0,0,0
1.1470,-0.7787,-0.1280,0.1000,1.2414,0.0000,0.0000,-926.0885,-128.0000,0.1000,1.2319,0.0000,0.0000,934.1036,0.0000,0,0,0
1.1558,-0.2495,-0.1280,0.1000,1.2519,0.0000,0.0000,-247.0593,-128.0000,0.1000,1.2409,0.0000,0.0000,277.9682,0.0000,0,0,0
1.1647,0.2797,-0.1280,0.1000,1.2624,0.0000,0.0000,276.4077,-128.0000,0.1000,1.2512,0.0000,0.0000,304.2991,0.0000,0,0,0
1.1670,0.4195,-0.1280,0.1000,1.2652,0.0000,0.0000,276.4077,-128.0000,0.1000,1.2512,0.0000,0.0000,304.1723,0.0000,0,0,0
1.1694,0.5593,-0.1280,0.1000,1.2680,0.0000,0.0000,557.1555,-128.0000,0.1000,1.2642,0.0000,0.0000,571.0960,0.0000,0,0,0
1.1714,0.6808,-0.1280,0.1000,1.2704,0.0000,0.0000,677.8411,-128.0000,0.1000,1.2677,0.0000,0.0000,689.1279,0.0000,0,0,0
1.1734,0.8023,-0.1280,0.1000,1.2728,0.0000,0.0000,816.4984,-128.0000,0.1000,1.2699,0.0000,0.0000,825.6581,0.0000,0,0,0
1.1742,0.8180,-0.0875,0.1000,1.2736,0.0000,0.0000,816.4984,-128.0000,0.1000,1.2699,0.0000,0.0000,825.6489,0.0000,0,0,0
1.1749,0.8337,-0.0470,0.1000,1.2745,0.0000,0.0000,832.2583,-50.3042,0.1000,1.2728,0.0000,0.0000,832.9422,0.0000,0,0,0
1.1769,0.7121,-0.0470,0.1000,1.2769,0.0000,0.0000,710.2276,-47.0000,0.1000,1.2728,0.0000,0.0000,711.0673,0.0000,0,0,0
1.1790,0.5906,-0.0470,0.1000,1.2793,0.0000,0.0000,593.3488,-47.0000,0.1000,1.2768,0.0000,0.0000,594.6149,0.0000,0,0,0
1.1813,0.4508,-0.0470,0.1000,1.2821,0.0000,0.0000,563.9841,-47.0000,0.1000,1.2774,0.0000,0.0000,565.4860,0.0000,0,0,0
1.1837,0.3110,-0.0470,0.1000,1.2849,0.0000,0.0000,314.0492,-47.0000,0.1000,1.2814,0.0000,0.0000,317.2322,0.0000,0,0,0
1.1930,-0.2495,-0.0470,0.1000,1.2960,0.0000,0.0000,-251.0959,-47.0000,0.1000,1.2847,0.0000,0.0000,255.2028,0.0000,0,0,0
1.2024,-0.8101,-0.0470,0.1000,1.3071,0.0000,0.0000,-809.0528,-47.0000,0.1000,1.2946,0.0000,0.0000,809.6054,0.0000,0,0,0
1.2047,-0.9486,-0.0470,0.1000,1.3098,0.0000,0.0000,-946.1617,-47.0000,0.1000,1.3062,0.0000,0.0000,946.3786,0.0000,0,0,0
1.2071,-1.0871,-0.0470,0.1000,1.3126,0.0000,0.0000,-946.1617,-47.0000,0.1000,1.3062,0.0000,0.0000,946.2402,0.0000,0,0,0
1.2091,-1.2086,-0.0470,0.1000,1.3150,0.0000,0.0000,-946.1617,-47.0000,0.1000,1.3062,0.0000,0.0000,946.1189,0.0000,0,0,0
1.2111,-1.3301,-0.0470,0.1000,1.3174,0.0000,0.0000,-1263.2949,-47.0000,0.1000,1.3128,0.0000,0.0000,1262.8380,0.0000,0,0,0
1.2119,-1.3458,-0.0065,0.1000,1.3183,0.0000,0.0000,-1345.9760,21.0538,0.1000,1.3159,0.0000,0.0000,1344.7951,0.0000,0,0,0
1.2126,-1.3615,0.0340,0.1000,1.3191,0.0000,0.0000,-1345.9760,21.0538,0.1000,1.3159,0.0000,0.0000,1344.7788,0.0000,0,0,0
1.2146,-1.2399,0.0340,0.1000,1.3215,0.0000,0.0000,-1240.0000,34.0000,0.1000,1.3159,0.0000,0.0000,1239.2256,0.0000,0,0,0
1.2167,-1.1184,0.0340,0.1000,1.3239,0.0000,0.0000,-1240.0000,34.0000,0.1000,1.3189,0.0000,0.0000,1239.3471,0.0000,0,0,0
1.2190,-0.9799,0.0340,0.1000,1.3267,0.0000,0.0000,-1240.0000,34.0000,0.1000,1.3189,0.0000,0.0000,1239.4856,0.0000,0,0,0
1.2213,-0.8414,0.0340,0.1000,1.3294,0.0000,0.0000,-825.3546,34.0000,0.1000,1.3247,0.0000,0.0000,825.2125,0.0000,0,0,0
1.2235,-0.7068,0.0340,0.1000,1.3321,0.0000,0.0000,-708.6916,34.0000,0.1000,1.3291,0.0000,0.0000,708.7990,0.0000,0,0,0
1.2258,-0.5723,0.0340,0.1000,1.3348,0.0000,0.0000,-708.6916,34.0000,0.1000,1.3291,0.0000,0.0000,708.9335,0.0000,0,0,0
1.2312,-0.2495,0.0340,0.1000,1.3412,0.0000,0.0000,-324.1813,34.0000,0.1000,1.3331,0.0000,0.0000,325.7077,0.0000,0,0,0
1.2366,0.0732,0.0340,0.1000,1.3476,0.0000,0.0000,98.3589,34.0000,0.1000,1.3382,0.0000,0.0000,103.9893,0.0000,0,0,0
1.2389,0.2078,0.0340,0.1000,1.3502,0.0000,0.0000,206.4571,34.0000,0.1000,1.3382,0.0000,0.0000,209.0274,0.0000,0,0,0
1.2411,0.3424,0.0340,0.1000,1.3529,0.0000,0.0000,206.4571,34.0000,0.1000,1.3452,0.0000,0.0000,208.8946,0.0000,0,0,0
1.2435,0.4822,0.0340,0.1000,1.3557,0.0000,0.0000,484.4687,34.0000,0.1000,1.3519,0.0000,0.0000,485.1769,0.0000,0,0,0
1.2458,0.6220,0.0340,0.1000,1.3585,0.0000,0.0000,624.3478,34.0000,0.1000,1.3555,0.0000,0.0000,624.6500,0.0000,0,0,0
1.2478,0.7422,0.0340,0.1000,1.3608,0.0000,0.0000,624.3478,34.0000,0.1000,1.3555,0.0000,0.0000,624.5300,0.0000,0,0,0
1.2498,0.8624,0.0340,0.1000,1.3632,0.0000,0.0000,881.7107,34.0000,0.1000,1.3597,0.0000,0.0000,881.5030,0.0000,0,0,0
1.2506,0.8781,0.0745,0.1000,1.3641,0.0000,0.0000,878.8255,76.8820,0.1000,1.3630,0.0000,0.0000,881.3008,0.0000,0,0,0
1.2513,0.8938,0.1150,0.1000,1.3649,0.0000,0.0000,893.9978,111.5064,0.1000,1.3641,0.0000,0.0000,900.0239,0.0000,0,0,0
1.2533,0.7736,0.1150,0.1000,1.3673,0.0000,0.0000,893.9978,111.5064,0.1000,1.3641,0.0000,0.0000,900.1431,0.0000,0,0,0
1.2553,0.6533,0.1150,0.1000,1.3697,0.0000,0.0000,641.3733,115.0000,0.1000,1.3668,0.0000,0.0000,650.9382,0.0000,0,0,0
1.2576,0.5135,0.1150,0.1000,1.3725,0.0000,0.0000,641.3733,115.0000,0.1000,1.3668,0.0000,0.0000,651.0759,0.0000,0,0,0
1.2600,0.3737,0.1150,0.1000,1.3753,0.0000,0.0000,641.3733,115.0000,0.1000,1.3668,0.0000,0.0000,651.2135,0.0000,0,0,0
1.2622,0.2405,0.1150,0.1000,1.3779,0.0000,0.0000,374.0000,115.0000,0.1000,1.3714,0.0000,0.0000,391.0176,0.0000,0,0,0
1.2645,0.1072,0.1150,0.1000,1.3805,0.0000,0.0000,107.0000,115.0000,0.1000,1.3714,0.0000,0.0000,156.9224,0.0000,0,0,0
1.2704,-0.2482,0.1150,0.1000,1.3876,0.0000,0.0000,107.0000,115.0000,0.1000,1.3779,0.0000,0.0000,157.1647,0.0000,0,0,0
1.2764,-0.6036,0.1150,0.1000,1.3946,0.0000,0.0000,-606.8184,115.0000,0.1000,1.3868,0.0000,0.0000,617.0048,0.0000,0,0,0
1.2786,-0.7382,0.1150,0.1000,1.3973,0.0000,0.0000,-733.7832,115.0000,0.1000,1.3932,0.0000,0.0000,741.9930,0.0000,0,0,0
1.2809,-0.8728,0.1150,0.1000,1.4000,0.0000,0.0000,-869.3591,115.0000,0.1000,1.3973,0.0000,0.0000,876.0519,0.0000,0,0,0
1.2832,-1.0113,0.1150,0.1000,1.4027,0.0000,0.0000,-869.3591,115.0000,0.1000,1.3973,0.0000,0.0000,875.9146,0.0000,0,0,0
1.2855,-1.1498,0.1150,0.1000,1.4055,0.0000,0.0000,-1146.0920,115.0000,0.1000,1.4018,0.0000,0.0000,1150.6917,0.0000,0,0,0
1.2875,-1.2713,0.1150,0.1000,1.4079,0.0000,0.0000,-1146.0920,115.0000,0.1000,1.4018,0.0000,0.0000,1150.5707,0.0000,0,0,0
1.2896,-1.3928,0.1150,0.1000,1.4103,0.0000,0.0000,-1146.0920,115.0000,0.1000,1.4018,0.0000,0.0000,1150.4498,0.0000,0,0,0
1.2903,-1.4072,0.1555,0.1000,1.4111,0.0000,0.0000,-1406.8948,152.6602,0.1000,1.4082,0.0000,0.0000,1413.7373,0.0000,0,0,0
1.2910,-1.4216,0.1960,0.1000,1.4120,0.0000,0.0000,-1406.8948,152.6602,0.1000,1.4082,0.0000,0.0000,1413.7187,0.0000,0,0,0
1.2930,-1.3027,0.1960,0.1000,1.4143,0.0000,0.0000,-1406.8948,152.6602,0.1000,1.4082,0.0000,0.0000,1413.8369,0.0000,0,0,0
1.2950,-1.1838,0.1960,0.1000,1.4167,0.0000,0.0000,-1406.8948,152.6602,0.1000,1.4082,0.0000,0.0000,1413.9551,0.0000,0,0,0
1.2973,-1.0440,0.1960,0.1000,1.4195,0.0000,0.0000,-1043.8368,196.0000,0.1000,1.4082,0.0000,0.0000,1061.0166,0.0000,0,0,0
1.2997,-0.9041,0.1960,0.1000,1.4223,0.0000,0.0000,-1043.8368,196.0000,0.1000,1.4148,0.0000,0.0000,1061.1540,0.0000,0,0,0
1.3019,-0.7709,0.1960,0.1000,1.4249,0.0000,0.0000,-741.1389,196.0000,0.1000,1.4207,0.0000,0.0000,765.8224,0.0000,0,0,0
1.3041,-0.6376,0.1960,0.1000,1.4275,0.0000,0.0000,-741.1389,196.0000,0.1000,1.4207,0.0000,0.0000,765.9513,0.0000,0,0,0
1.3106,-0.2495,0.1960,0.1000,1.4352,0.0000,0.0000,-222.7387,196.0000,0.1000,1.4264,0.0000,0.0000,296.3792,0.0000,0,0,0
1.3171,0.1385,0.1960,0.1000,1.4429,0.0000,0.0000,135.9386,196.0000,0.1000,1.4347,0.0000,0.0000,238.2873,0.0000,0,0,0
1.3194,0.2718,0.1960,0.1000,1.4456,0.0000,0.0000,135.9386,196.0000,0.1000,1.4352,0.0000,0.0000,238.2114,0.0000,0,0,0
1.3216,0.4051,0.1960,0.1000,1.4482,0.0000,0.0000,403.9676,196.0000,0.1000,1.4448,0.0000,0.0000,448.5554,0.0000,0,0,0
1.3239,0.5449,0.1960,0.1000,1.4510,0.0000,0.0000,541.8787,196.0000,0.1000,1.4448,0.0000,0.0000,575.6574,0.0000,0,0,0
1.3263,0.6847,0.1960,0.1000,1.4538,0.0000,0.0000,681.1363,196.0000,0.1000,1.4509,0.0000,0.0000,708.0633,0.0000,0,0,0
1.3283,0.8049,0.1960,0.1000,1.4561,0.0000,0.0000,681.1363,196.0000,0.1000,1.4509,0.0000,0.0000,707.9478,0.0000,0,0,0
1.3303,0.9251,0.1960,0.1000,1.4585,0.0000,0.0000,908.8812,196.0000,0.1000,1.4509,0.0000,0.0000,928.8290,0.0000,0,0,0
1.3331,1.0871,0.2365,0.1000,1.4618,0.0000,0.0000,908.8812,196.0000,0.1000,1.4541,0.0000,0.0000,928.6621,0.0000,0,0,0
1.3359,1.2492,0.2770,0.1000,1.4651,0.0000,0.0000,1254.4489,276.9878,0.1000,1.4613,0.0000,0.0000,1283.3855,0.0000,0,0,0
1.3404,0.9826,0.2770,0.1000,1.4704,0.0000,0.0000,990.5345,277.0000,0.1000,1.4647,0.0000,0.0000,1027.5157,0.0000,0,0,0
1.3448,0.7161,0.2770,0.1000,1.4757,0.0000,0.0000,990.5345,277.0000,0.1000,1.4647,0.0000,0.0000,1027.7724,0.0000,0,0,0
1.3472,0.5763,0.2770,0.1000,1.4785,0.0000,0.0000,578.8491,277.0000,0.1000,1.4744,0.0000,0.0000,641.0734,0.0000,0,0,0
1.3495,0.4364,0.2770,0.1000,1.4813,0.0000,0.0000,439.4139,277.0000,0.1000,1.4782,0.0000,0.0000,518.9189,0.0000,0,0,0
1.3517,0.3032,0.2770,0.1000,1.4839,0.0000,0.0000,439.4139,277.0000,0.1000,1.4782,0.0000,0.0000,519.0316,0.0000,0,0,0
1.3540,0.1699,0.2770,0.1000,1.4865,0.0000,0.0000,250.4886,277.0000,0.1000,1.4815,0.0000,0.0000,373.1421,0.0000,0,0,0
1.3610,-0.2495,0.2770,0.1000,1.4949,0.0000,0.0000,-229.2398,277.0000,0.1000,1.4863,0.0000,0.0000,359.1826,0.0000,0,0,0
1.3680,-0.6690,0.2770,0.1000,1.5032,0.0000,0.0000,-667.1234,277.0000,0.1000,1.4940,0.0000,0.0000,721.6212,0.0000,0,0,0
1.3703,-0.8022,0.2770,0.1000,1.5058,0.0000,0.0000,-802.0000,277.0000,0.1000,1.4940,0.0000,0.0000,847.6399,0.0000,0,0,0
1.3725,-0.9355,0.2770,0.1000,1.5085,0.0000,0.0000,-802.0000,277.0000,0.1000,1.5032,0.0000,0.0000,847.5140,0.0000,0,0,0
1.3748,-1.0753,0.2770,0.1000,1.5112,0.0000,0.0000,-802.0000,277.0000,0.1000,1.5032,0.0000,0.0000,847.3818,0.0000,0,0,0
1.3772,-1.2151,0.2770,0.1000,1.5140,0.0000,0.0000,-1098.5933,277.0000,0.1000,1.5088,0.0000,0.0000,1131.7308,0.0000,0,0,0
1.3816,-1.4817,0.2770,0.1000,1.5193,0.0000,0.0000,-1499.2629,277.0000,0.1000,1.5138,0.0000,0.0000,1523.1298,0.0000,0,0,0
1.3861,-1.7482,0.2770,0.1000,1.5246,0.0000,0.0000,-1773.0372,277.0000,0.1000,1.5169,0.0000,0.0000,1792.7745,0.0000,0,0,0
1.3868,-1.7482,0.3175,0.1000,1.5254,0.0000,0.0000,-1773.0372,277.0000,0.1000,1.5169,0.0000,0.0000,1792.7682,0.0000,0,0,0
1.3875,-1.7482,0.3581,0.1000,1.5262,0.0000,0.0000,-1748.0000,365.4727,0.1000,1.5240,0.0000,0.0000,1784.0135,0.0000,0,0,0
1.3917,-1.4973,0.3581,0.1000,1.5312,0.0000,0.0000,-1748.0000,365.4727,0.1000,1.5240,0.0000,0.0000,1784.2590,0.0000,0,0,0
1.3959,-1.2465,0.3581,0.1000,1.5361,0.0000,0.0000,-1265.8482,358.0000,0.1000,1.5284,0.0000,0.0000,1314.2014,0.0000,0,0,0
1.3981,-1.1106,0.3581,0.1000,1.5388,0.0000,0.0000,-1265.8482,358.0000,0.1000,1.5284,0.0000,0.0000,1314.3321,0.0000,0,0,0
1.4004,-0.9747,0.3581,0.1000,1.5415,0.0000,0.0000,-971.7150,358.0000,0.1000,1.5378,0.0000,0.0000,1034.5262,0.0000,0,0,0
1.4027,-0.8375,0.3581,0.1000,1.5442,0.0000,0.0000,-971.7150,358.0000,0.1000,1.5378,0.0000,0.0000,1034.6550,0.0000,0,0,0
1.4050,-0.7003,0.3581,0.1000,1.5470,0.0000,0.0000,-698.7276,358.0000,0.1000,1.5436,0.0000,0.0000,784.3149,0.0000,0,0,0
1.4125,-0.2495,0.3581,0.1000,1.5559,0.0000,0.0000,-335.8602,358.0000,0.1000,1.5456,0.0000,0.0000,490.4511,0.0000,0,0,0
1.4201,0.2013,0.3581,0.1000,1.5648,0.0000,0.0000,206.4221,358.0000,0.1000,1.5545,0.0000,0.0000,412.8375,0.0000,0,0,0
1.4224,0.3385,0.3581,0.1000,1.5676,0.0000,0.0000,206.4221,358.0000,0.1000,1.5545,0.0000,0.0000,412.7690,0.0000,0,0,0
1.4247,0.4756,0.3581,0.1000,1.5703,0.0000,0.0000,482.4949,358.0000,0.1000,1.5654,0.0000,0.0000,600.2085,0.0000,0,0,0
1.4270,0.6115,0.3581,0.1000,1.5730,0.0000,0.0000,482.4949,358.0000,0.1000,1.5654,0.0000,0.0000,600.0994,0.0000,0,0,0
1.4292,0.7474,0.3581,0.1000,1.5757,0.0000,0.0000,740.9668,358.0000,0.1000,1.5723,0.0000,0.0000,822.0904,0.0000,0,0,0
1.4334,0.9983,0.3581,0.1000,1.5806,0.0000,0.0000,740.9668,358.0000,0.1000,1.5723,0.0000,0.0000,821.8645,0.0000,0,0,0
1.4376,1.2492,0.3581,0.1000,1.5856,0.0000,0.0000,1244.0293,358.0000,0.1000,1.5806,0.0000,0.0000,1293.2170,0.0000,0,0,0
1.4383,1.2492,0.3986,0.1000,1.5864,0.0000,0.0000,1244.0293,358.0000,0.1000,1.5806,0.0000,0.0000,1293.2058,0.0000,0,0,0
1.4390,1.2492,0.4391,0.1000,1.5872,0.0000,0.0000,1249.0000,441.9824,0.1000,1.5857,0.0000,0.0000,1323.5719,0.0000,0,0,0
1.4429,1.0140,0.4391,0.1000,1.5919,0.0000,0.0000,1249.0000,441.9824,0.1000,1.5857,0.0000,0.0000,1323.7936,0.0000,0,0,0
1.4469,0.7788,0.4391,0.1000,1.5966,0.0000,0.0000,756.3273,439.0000,0.1000,1.5900,0.0000,0.0000,873.6071,0.0000,0,0,0
1.4489,0.6573,0.4391,0.1000,1.5990,0.0000,0.0000,668.2201,439.0000,0.1000,1.5960,0.0000,0.0000,798.7339,0.0000,0,0,0
1.4509,0.5358,0.4391,0.1000,1.6014,0.0000,0.0000,668.2201,439.0000,0.1000,1.5960,0.0000,0.0000,798.8355,0.0000,0,0,0
1.4535,0.3816,0.4391,0.1000,1.6044,0.0000,0.0000,423.9900,439.0000,0.1000,1.5998,0.0000,0.0000,609.7375,0.0000,0,0,0
1.4561,0.2274,0.4391,0.1000,1.6075,0.0000,0.0000,203.9756,439.0000,0.1000,1.6032,0.0000,0.0000,483.5794,0.0000,0,0,0
1.4641,-0.2482,0.4391,0.1000,1.6169,0.0000,0.0000,-361.6631,439.0000,0.1000,1.6067,0.0000,0.0000,568.2926,0.0000,0,0,0
1.4720,-0.7238,0.4391,0.1000,1.6264,0.0000,0.0000,-723.3073,439.0000,0.1000,1.6148,0.0000,0.0000,845.2589,0.0000,0,0,0
1.4746,-0.8780,0.4391,0.1000,1.6294,0.0000,0.0000,-866.0498,439.0000,0.1000,1.6208,0.0000,0.0000,969.9783,0.0000,0,0,0
1.4772,-1.0322,0.4391,0.1000,1.6325,0.0000,0.0000,-866.0498,439.0000,0.1000,1.6208,0.0000,0.0000,969.8408,0.0000,0,0,0
1.4793,-1.1550,0.4391,0.1000,1.6349,0.0000,0.0000,-1148.1159,439.0000,0.1000,1.6311,0.0000,0.0000,1227.9475,0.0000,0,0,0
1.4813,-1.2778,0.4391,0.1000,1.6373,0.0000,0.0000,-1274.0769,439.0000,0.1000,1.6338,0.0000,0.0000,1346.2366,0.0000,0,0,0
1.4853,-1.5130,0.4391,0.1000,1.6420,0.0000,0.0000,-1274.0769,439.0000,0.1000,1.6338,0.0000,0.0000,1346.0143,0.0000,0,0,0
1.4892,-1.7482,0.4391,0.1000,1.6467,0.0000,0.0000,-1673.3896,439.0000,0.1000,1.6390,0.0000,0.0000,1728.2132,0.0000,0,0,0
1.4899,-1.7482,0.4796,0.1000,1.6475,0.0000,0.0000,-1748.0000,488.6540,0.1000,1.6457,0.0000,0.0000,1813.2042,0.0000,0,0,0
1.4905,-1.7482,0.5201,0.1000,1.6483,0.0000,0.0000,-1748.0000,488.6540,0.1000,1.6457,0.0000,0.0000,1813.1933,0.0000,0,0,0
1.4926,-1.6241,0.5201,0.1000,1.6507,0.0000,0.0000,-1748.0000,488.6540,0.1000,1.6457,0.0000,0.0000,1813.3129,0.0000,0,0,0
1.4947,-1.5000,0.5201,0.1000,1.6532,0.0000,0.0000,-1748.0000,488.6540,0.1000,1.6457,0.0000,0.0000,1813.4324,0.0000,0,0,0
1.5018,-1.0753,0.5201,0.1000,1.6616,0.0000,0.0000,-1235.7674,520.0000,0.1000,1.6511,0.0000,0.0000,1339.5238,0.0000,0,0,0
1.5089,-0.6507,0.5201,0.1000,1.6700,0.0000,0.0000,-649.9535,520.0000,0.1000,1.6607,0.0000,0.0000,831.5368,0.0000,0,0,0
1.5109,-0.5304,0.5201,0.1000,1.6724,0.0000,0.0000,-527.6334,520.0000,0.1000,1.6692,0.0000,0.0000,740.0655,0.0000,0,0,0
1.5130,-0.4102,0.5201,0.1000,1.6748,0.0000,0.0000,-408.8243,520.0000,0.1000,1.6717,0.0000,0.0000,660.8036,0.0000,0,0,0
1.5157,-0.2456,0.5201,0.1000,1.6781,0.0000,0.0000,-408.8243,520.0000,0.1000,1.6717,0.0000,0.0000,660.9054,0.0000,0,0,0
1.5185,-0.0810,0.5201,0.1000,1.6813,0.0000,0.0000,-78.4051,520.0000,0.1000,1.6773,0.0000,0.0000,525.3514,0.0000,0,0,0
1.5204,0.0353,0.5201,0.1000,1.6836,0.0000,0.0000,-78.4051,520.0000,0.1000,1.6773,0.0000,0.0000,525.3687,0.0000,0,0,0
1.5224,0.1516,0.5201,0.1000,1.6859,0.0000,0.0000,170.8676,520.0000,0.1000,1.6821,0.0000,0.0000,546.8120,0.0000,0,0,0
1.5295,0.5763,0.5201,0.1000,1.6944,0.0000,0.0000,170.8676,520.0000,0.1000,1.6821,0.0000,0.0000,546.6796,0.0000,0,0,0
1.5366,1.0009,0.5201,0.1000,1.7028,0.0000,0.0000,1141.1924,520.0000,0.1000,1.6917,0.0000,0.0000,1252.9549,0.0000,0,0,0
1.5387,1.1250,0.5201,0.1000,1.7052,0.0000,0.0000,1121.4394,520.0000,0.1000,1.7015,0.0000,0.0000,1234.8942,0.0000,0,0,0
1.5407,1.2492,0.5201,0.1000,1.7077,0.0000,0.0000,1121.4394,520.0000,0.1000,1.7015,0.0000,0.0000,1234.7816,0.0000,0,0,0
1.5414,1.2492,0.5606,0.1000,1.7085,0.0000,0.0000,1121.4394,520.0000,0.1000,1.7015,0.0000,0.0000,1234.7646,0.0000,0,0,0
1.5421,1.2492,0.6011,0.1000,1.7093,0.0000,0.0000,1121.4394,520.0000,0.1000,1.7015,0.0000,0.0000,1234.7475,0.0000,0,0,0
1.5442,1.1250,0.6011,0.1000,1.7118,0.0000,0.0000,1132.1658,601.0000,0.1000,1.7084,0.0000,0.0000,1280.5202,0.0000,0,0,0
1.5463,1.0009,0.6011,0.1000,1.7142,0.0000,0.0000,1132.1658,601.0000,0.1000,1.7084,0.0000,0.0000,1280.6298,0.0000,0,0,0
1.5534,0.5763,0.6011,0.1000,1.7227,0.0000,0.0000,549.5263,601.0000,0.1000,1.7132,0.0000,0.0000,813.5263,0.0000,0,0,0
1.5605,0.1516,0.6011,0.1000,1.7311,0.0000,0.0000,148.1763,601.0000,0.1000,1.7220,0.0000,0.0000,618.3771,0.0000,0,0,0
1.5624,0.0353,0.6011,0.1000,1.7334,0.0000,0.0000,148.1763,601.0000,0.1000,1.7220,0.0000,0.0000,618.4049,0.0000,0,0,0
1.5644,-0.0810,0.6011,0.1000,1.7357,0.0000,0.0000,148.1763,601.0000,0.1000,1.7220,0.0000,0.0000,618.4328,0.0000,0,0,0
1.5671,-0.2456,0.6011,0.1000,1.7390,0.0000,0.0000,-262.2859,601.0000,0.1000,1.7337,0.0000,0.0000,655.0908,0.0000,0,0,0
1.5699,-0.4102,0.6011,0.1000,1.7422,0.0000,0.0000,-262.2859,601.0000,0.1000,1.7337,0.0000,0.0000,655.0250,0.0000,0,0,0
1.5719,-0.5304,0.6011,0.1000,1.7446,0.0000,0.0000,-531.6667,601.0000,0.1000,1.7401,0.0000,0.0000,801.6137,0.0000,0,0,0
1.5739,-0.6507,0.6011,0.1000,1.7470,0.0000,0.0000,-531.6667,601.0000,0.1000,1.7401,0.0000,0.0000,801.5341,0.0000,0,0,0
1.5810,-1.0753,0.6011,0.1000,1.7554,0.0000,0.0000,-658.8349,601.0000,0.1000,1.7446,0.0000,0.0000,890.5765,0.0000,0,0,0
1.5881,-1.5000,0.6011,0.1000,1.7638,0.0000,0.0000,-1531.7136,601.0000,0.1000,1.7522,0.0000,0.0000,1643.7861,0.0000,0,0,0
1.5902,-1.6241,0.6011,0.1000,1.7663,0.0000,0.0000,-1624.7795,601.0000,0.1000,1.7625,0.0000,0.0000,1730.6393,0.0000,0,0,0
1.5923,-1.7482,0.6011,0.1000,1.7687,0.0000,0.0000,-1750.4742,601.0000,0.1000,1.7659,0.0000,0.0000,1848.9244,0.0000,0,0,0
1.5930,-1.7482,0.6416,0.1000,1.7696,0.0000,0.0000,-1750.4742,601.0000,0.1000,1.7659,0.0000,0.0000,1848.9112,0.0000,0,0,0
1.5936,-1.7482,0.6821,0.1000,1.7704,0.0000,0.0000,-1748.0000,642.0000,0.1000,1.7686,0.0000,0.0000,1860.2914,0.0000,0,0,0
1.5957,-1.6241,0.6821,0.1000,1.7728,0.0000,0.0000,-1748.0000,642.0000,0.1000,1.7686,0.0000,0.0000,1860.4079,0.0000,0,0,0
1.5978,-1.5000,0.6821,0.1000,1.7753,0.0000,0.0000,-1497.1687,682.0000,0.1000,1.7725,0.0000,0.0000,1643.5386,0.0000,0,0,0
1.6049,-1.0753,0.6821,0.1000,1.7837,0.0000,0.0000,-1078.5100,682.0000,0.1000,1.7745,0.0000,0.0000,1274.7783,0.0000,0,0,0
1.6120,-0.6507,0.6821,0.1000,1.7921,0.0000,0.0000,-1078.5100,682.0000,0.1000,1.7745,0.0000,0.0000,1275.1372,0.0000,0,0,0
1.6140,-0.5304,0.6821,0.1000,1.7945,0.0000,0.0000,-476.6516,682.0000,0.1000,1.7881,0.0000,0.0000,831.1952,0.0000,0,0,0
1.6161,-0.4102,0.6821,0.1000,1.7969,0.0000,0.0000,-476.6516,682.0000,0.1000,1.7881,0.0000,0.0000,831.2641,0.0000,0,0,0
1.6188,-0.2456,0.6821,0.1000,1.8002,0.0000,0.0000,-242.0508,682.0000,0.1000,1.7956,0.0000,0.0000,722.9549,0.0000,0,0,0
1.6216,-0.0810,0.6821,0.1000,1.8034,0.0000,0.0000,-242.0508,682.0000,0.1000,1.7956,0.0000,0.0000,723.0100,0.0000,0,0,0
1.6235,0.0353,0.6821,0.1000,1.8057,0.0000,0.0000,-242.0508,682.0000,0.1000,1.7956,0.0000,0.0000,723.0489,0.0000,0,0,0
1.6255,0.1516,0.6821,0.1000,1.8080,0.0000,0.0000,163.3444,682.0000,0.1000,1.8038,0.0000,0.0000,700.5897,0.0000,0,0,0
1.6326,0.5763,0.6821,0.1000,1.8164,0.0000,0.0000,163.3444,682.0000,0.1000,1.8038,0.0000,0.0000,700.4909,0.0000,0,0,0
1.6397,1.0009,0.6821,0.1000,1.8249,0.0000,0.0000,1059.1502,682.0000,0.1000,1.8147,0.0000,0.0000,1258.5206,0.0000,0,0,0
1.6418,1.1250,0.6821,0.1000,1.8273,0.0000,0.0000,1059.1502,682.0000,0.1000,1.8147,0.0000,0.0000,1258.4162,0.0000,0,0,0
1.6438,1.2492,0.6821,0.1000,1.8298,0.0000,0.0000,1249.0000,682.0000,0.1000,1.8147,0.0000,0.0000,1421.6456,0.0000,0,0,0
1.6445,1.2492,0.7226,0.1000,1.8306,0.0000,0.0000,1249.0000,682.0000,0.1000,1.8250,0.0000,0.0000,1421.6262,0.0000,0,0,0
1.6452,1.2492,0.7631,0.1000,1.8314,0.0000,0.0000,1249.0000,730.8702,0.1000,1.8297,0.0000,0.0000,1445.6620,0.0000,0,0,0
1.6563,0.5841,0.7631,0.1000,1.8446,0.0000,0.0000,1249.0000,730.8702,0.1000,1.8297,0.0000,0.0000,1446.2360,0.0000,0,0,0
1.6675,-0.0810,0.7631,0.1000,1.8578,0.0000,0.0000,-83.3037,763.0000,0.1000,1.8402,0.0000,0.0000,766.7667,0.0000,0,0,0
1.6702,-0.2456,0.7631,0.1000,1.8610,0.0000,0.0000,-249.1897,763.0000,0.1000,1.8565,0.0000,0.0000,801.8592,0.0000,0,0,0
1.6730,-0.4102,0.7631,0.1000,1.8643,0.0000,0.0000,-249.1897,763.0000,0.1000,1.8565,0.0000,0.0000,801.8081,0.0000,0,0,0
1.6842,-1.0792,0.7631,0.1000,1.8776,0.0000,0.0000,-1106.0149,763.0000,0.1000,1.8565,0.0000,0.0000,1342.3442,0.0000,0,0,0
1.6954,-1.7482,0.7631,0.1000,1.8908,0.0000,0.0000,-1106.0149,763.0000,0.1000,1.8633,0.0000,0.0000,1341.7936,0.0000,0,0,0
1.6961,-1.7482,0.8036,0.1000,1.8916,0.0000,0.0000,-1748.0000,811.6751,0.1000,1.8856,0.0000,0.0000,1925.3332,0.0000,0,0,0
1.6967,-1.7482,0.8441,0.1000,1.8924,0.0000,0.0000,-1748.0000,811.6751,0.1000,1.8856,0.0000,0.0000,1925.3161,0.0000,0,0,0
1.7079,-1.0792,0.8441,0.1000,1.9057,0.0000,0.0000,-1077.7323,844.0000,0.1000,1.8921,0.0000,0.0000,1367.5137,0.0000,0,0,0
1.7192,-0.4102,0.8441,0.1000,1.9190,0.0000,0.0000,-913.2712,844.0000,0.1000,1.8979,0.0000,0.0000,1242.6693,0.0000,0,0,0
1.7219,-0.2456,0.8441,0.1000,1.9222,0.0000,0.0000,-236.7696,844.0000,0.1000,1.9158,0.0000,0.0000,875.7028,0.0000,0,0,0
1.7247,-0.0810,0.8441,0.1000,1.9255,0.0000,0.0000,-236.7696,844.0000,0.1000,1.9158,0.0000,0.0000,875.7473,0.0000,0,0,0
1.7358,0.5841,0.8441,0.1000,1.9387,0.0000,0.0000,21.7879,844.0000,0.1000,1.9225,0.0000,0.0000,843.4225,0.0000,0,0,0
1.7469,1.2492,0.8441,0.1000,1.9519,0.0000,0.0000,1227.1707,844.0000,0.1000,1.9341,0.0000,0.0000,1487.8829,0.0000,0,0,0
1.7476,1.2492,0.8846,0.1000,1.9527,0.0000,0.0000,1227.1707,844.0000,0.1000,1.9341,0.0000,0.0000,1487.8599,0.0000,0,0,0
1.7483,1.2492,0.9251,0.1000,1.9535,0.0000,0.0000,1227.1707,844.0000,0.1000,1.9341,0.0000,0.0000,1487.8370,0.0000,0,0,0
1.7594,0.5841,0.9251,0.1000,1.9667,0.0000,0.0000,636.8169,925.0000,0.1000,1.9513,0.0000,0.0000,1121.9209,0.0000,0,0,0
1.7706,-0.0810,0.9251,0.1000,1.9799,0.0000,0.0000,46.4959,925.0000,0.1000,1.9621,0.0000,0.0000,925.2480,0.0000,0,0,0
1.7733,-0.2456,0.9251,0.1000,1.9831,0.0000,0.0000,46.4959,925.0000,0.1000,1.9621,0.0000,0.0000,925.2563,0.0000,0,0,0
1.7761,-0.4102,0.9251,0.1000,1.9864,0.0000,0.0000,-413.6261,925.0000,0.1000,1.9812,0.0000,0.0000,1012.2558,0.0000,0,0,0
1.7873,-1.0792,0.9251,0.1000,1.9996,0.0000,0.0000,-1082.8790,925.0000,0.1000,1.9861,0.0000,0.0000,1422.7456,0.0000,0,0,0
1.7985,-1.7482,0.9251,0.1000,2.0129,0.0000,0.0000,-1744.8415,925.0000,0.1000,1.9951,0.0000,0.0000,1972.8884,0.0000,0,0,0
1.7992,-1.7482,0.9656,0.1000,2.0137,0.0000,0.0000,-1744.8415,925.0000,0.1000,1.9995,0.0000,0.0000,1972.8694,0.0000,0,0,0
1.7998,-1.7482,1.0061,0.1000,2.0145,0.0000,0.0000,-1744.8415,925.0000,0.1000,1.9995,0.0000,0.0000,1972.8504,0.0000,0,0,0
1.8110,-1.0845,1.0061,0.1000,2.0277,0.0000,0.0000,-1630.5191,1006.0000,0.1000,2.0136,0.0000,0.0000,1914.4372,0.0000,0,0,0
1.8221,-0.4207,1.0061,0.1000,2.0408,0.0000,0.0000,-428.8157,1006.0000,0.1000,2.0251,0.0000,0.0000,1092.4902,0.0000,0,0,0
1.8249,-0.2508,1.0061,0.1000,2.0442,0.0000,0.0000,-428.8157,1006.0000,0.1000,2.0251,0.0000,0.0000,1092.5569,0.0000,0,0,0
1.8278,-0.0810,1.0061,0.1000,2.0476,0.0000,0.0000,-81.8613,1006.0000,0.1000,2.0408,0.0000,0.0000,1008.3158,0.0000,0,0,0
1.8389,0.5841,1.0061,0.1000,2.0608,0.0000,0.0000,-81.8613,1006.0000,0.1000,2.0408,0.0000,0.0000,1008.3699,0.0000,0,0,0
1.8500,1.2492,1.0061,0.1000,2.0740,0.0000,0.0000,1282.4977,1006.0000,0.1000,2.0563,0.0000,0.0000,1628.3766,0.0000,0,0,0
1.9021,1.2492,1.0061,0.1000,2.0573,0.0000,0.0000,1282.4977,1006.0000,0.1000,2.0563,0.0000,0.0000,1628.3766,0.0000,0,0,1
1.9542,1.2492,1.0061,0.1000,2.0061,0.0000,0.0000,1249.0000,1006.0000,0.1000,2.0563,0.0000,0.0000,1602.1532,0.0000,0,0,1
2.0063,1.2492,1.0061,0.1000,1.9454,0.0000,0.0000,1249.0000,1006.0000,0.1000,2.0563,0.0000,0.0000,1602.1532,0.0000,0,0,1
2.0584,1.2492,1.0061,0.1000,1.8847,0.0000,0.0000,1249.0000,1006.0000,0.1000,2.0561,0.0000,0.0000,1602.1532,0.0000,0,0,1
2.1105,1.2492,1.0061,0.1000,1.8240,0.0000,0.0000,1249.0000,1006.0000,0.1000,2.0561,0.0000,0.0000,1602.1532,0.0000,0,0,1
2.1625,1.2492,1.0061,0.1000,1.7632,0.0000,0.0000,1249.0000,1006.0000,0.1000,2.0561,0.0000,0.0000,1602.1532,0.0000,0,0,1
2.2146,1.2492,1.0061,0.1000,1.7025,0.0000,0.0000,1249.0000,1006.0000,0.1000,2.0561,0.0000,0.0000,1602.1532,0.0000,0,0,1
2.2667,1.2492,1.0061,0.1000,1.6418,0.0000,0.0000,1249.0000,1006.0000,0.1000,2.0561,0.0000,0.0000,1602.1532,0.0000,0,0,1
2.3188,1.2492,1.0061,0.1000,1.5906,0.0000,0.0000,1249.0000,1006.0000,0.1000,2.0561,0.0000,0.0000,1602.1532,0.0000,0,0,1
2.3709,1.2492,1.0061,0.1000,1.5740,0.0000,0.0000,1249.0000,1006.0000,0.1000,2.0561,0.0000,0.0000,1602.1532,0.0000,0,0,1
2.3709,1.2492,1.0061,0.1000,1.5740,0.0000,0.0000,1249.0000,1006.0000,0.1000,2.0561,0.0000,0.0000,1602.1532,0.0000,0,0,0
